#,Player,Team,GP,MPG,PPG,FGM,FGA,FG%,3PM,3PA,3P%,FTM,FTA,FT%,ORB,DRB,RPG,APG,SPG,BPG,TOV,PF
1,Kobe Bryant,LAL,80,41.0,35.4,12.2,27.2,0.45,2.3,6.5,0.347,8.7,10.2,0.85,0.9,4.4,5.3,4.5,1.8,0.4,3.1,2.9
2,Allen Iverson,PHI,72,43.1,33.0,11.3,25.3,0.447,1.0,3.1,0.323,9.4,11.5,0.814,0.6,2.6,3.2,7.4,1.9,0.1,3.4,1.7
3,LeBron James,CLE,79,42.5,31.4,11.1,23.1,0.48,1.6,4.8,0.335,7.6,10.3,0.738,0.9,6.1,7.0,6.6,1.6,0.8,3.3,2.3
4,Gilbert Arenas,WAS,80,42.3,29.3,9.3,20.9,0.447,2.5,6.8,0.369,8.2,10.0,0.82,0.7,2.8,3.5,6.1,2.0,0.3,3.7,3.6
5,Dwyane Wade,MIA,75,38.6,27.2,9.3,18.8,0.495,0.2,1.0,0.171,8.4,10.7,0.783,1.4,4.3,5.7,6.7,1.9,0.8,3.6,2.9
6,Paul Pierce,BOS,79,39.0,26.8,8.7,18.5,0.471,1.4,4.0,0.354,7.9,10.3,0.772,1.0,5.7,6.7,4.7,1.4,0.4,3.5,2.8
7,Dirk Nowitzki,DAL,81,38.1,26.6,9.3,19.3,0.48,1.4,3.3,0.406,6.7,7.4,0.901,1.4,7.6,9.0,2.8,0.7,1.0,1.9,2.0
8,Carmelo Anthony,DEN,80,36.8,26.5,9.5,19.7,0.481,0.5,1.9,0.243,7.2,8.9,0.808,1.5,3.4,4.9,2.7,1.1,0.5,2.7,2.9
9,Michael Redd,MIL,80,39.1,25.4,8.5,19.0,0.45,2.0,5.2,0.395,6.3,7.1,0.877,1.0,3.3,4.3,2.9,1.2,0.1,2.1,2.0
10,Ray Allen,SEA,78,38.8,25.1,8.7,19.2,0.454,3.4,8.4,0.412,4.2,4.6,0.903,0.9,3.3,4.3,3.7,1.3,0.2,2.4,1.9
11,Elton Brand,LAC,79,39.2,24.7,9.6,18.2,0.527,0.0,0.0,0.333,5.6,7.2,0.775,3.0,7.0,10.0,2.6,1.0,2.5,2.2,2.9
12,Tracy McGrady,HOU,47,37.1,24.4,8.7,21.5,0.406,1.6,5.0,0.312,5.4,7.2,0.747,1.0,5.6,6.5,4.8,1.3,0.9,2.6,1.9
13,Vince Carter,NJN,79,36.8,24.2,8.3,19.2,0.43,1.6,4.6,0.341,6.1,7.6,0.799,1.7,4.1,5.8,4.3,1.2,0.7,2.7,3.0
14,Jason Richardson,GSW,75,38.4,23.2,8.5,19.2,0.446,2.4,6.4,0.384,3.7,5.5,0.673,1.4,4.4,5.8,3.1,1.3,0.5,2.2,2.7
15,Chris Bosh,TOR,70,39.3,22.5,7.8,15.5,0.505,0.0,0.2,0.0,6.8,8.3,0.816,2.9,6.3,9.2,2.6,0.7,1.1,2.2,3.0
16,Yao Ming,HOU,57,34.2,22.3,8.2,15.8,0.519,0.0,0.0,0.0,5.9,6.9,0.853,2.6,7.6,10.2,1.5,0.5,1.6,2.6,3.4
17,Shawn Marion,PHX,81,40.3,21.8,8.8,16.9,0.525,1.2,3.6,0.331,3.0,3.7,0.809,3.1,8.8,11.8,1.8,2.0,1.7,1.5,2.8
18,Kevin Garnett,MIN,76,38.9,21.8,8.2,15.7,0.526,0.1,0.4,0.267,5.2,6.4,0.81,2.8,9.9,12.7,4.1,1.4,1.4,2.4,2.7
19,Mike Bibby,SAC,82,38.6,21.1,7.3,16.9,0.432,2.3,6.1,0.386,4.2,4.9,0.849,0.4,2.6,2.9,5.4,1.0,0.1,2.4,2.1
20,Antawn Jamison,WAS,82,40.1,20.5,8.0,18.2,0.442,1.8,4.5,0.394,2.6,3.6,0.731,2.0,7.3,9.3,1.9,1.1,0.1,1.7,2.3
21,Pau Gasol,MEM,80,39.2,20.4,7.5,14.9,0.503,0.0,0.2,0.25,5.3,7.7,0.689,2.4,6.5,8.9,4.6,0.6,1.9,2.9,2.3
22,Mike James,TOR,79,37.0,20.3,7.3,15.5,0.469,2.1,4.8,0.442,3.6,4.3,0.837,0.6,2.7,3.3,5.8,0.9,0.0,2.6,2.7
23,Chris Webber,PHI,75,38.6,20.2,8.2,19.0,0.434,0.3,1.0,0.273,3.5,4.6,0.756,2.5,7.4,9.9,3.4,1.4,0.8,2.4,2.9
24,Joe Johnson,ATL,82,40.7,20.2,7.7,17.0,0.453,1.6,4.4,0.356,3.2,4.0,0.791,1.2,2.9,4.1,6.5,1.3,0.4,3.3,2.3
25,Richard Hamilton,DET,80,35.3,20.1,8.1,16.5,0.491,0.7,1.5,0.458,3.2,3.8,0.845,1.1,2.2,3.2,3.4,0.7,0.2,2.2,2.6
26,Rashard Lewis,SEA,78,36.9,20.1,6.9,14.8,0.467,1.8,4.7,0.384,4.5,5.5,0.818,1.4,3.6,5.0,2.3,1.3,0.6,1.8,2.4
27,Jermaine O'Neal,IND,51,35.3,20.1,7.5,15.8,0.472,0.1,0.2,0.3,5.1,7.2,0.709,2.0,7.3,9.3,2.6,0.5,2.3,3.0,3.5
28,Shaquille O'Neal,MIA,59,30.6,20.0,8.1,13.6,0.6,0.0,0.0,0.0,3.7,8.0,0.469,2.9,6.3,9.2,1.9,0.4,1.8,2.8,3.9
29,Richard Jefferson,NJN,78,39.2,19.5,6.3,12.9,0.493,0.8,2.4,0.319,6.0,7.4,0.812,1.2,5.6,6.8,3.8,0.8,0.2,2.2,2.5
30,Ricky Davis,MIN,78,41.1,19.4,7.5,16.7,0.448,0.9,3.1,0.302,3.5,4.4,0.797,0.8,3.7,4.5,5.1,1.2,0.2,2.7,2.4
31,Wally Szczerbiak,BOS,72,37.9,19.0,6.8,14.1,0.487,1.4,3.5,0.4,3.9,4.3,0.897,1.1,3.3,4.3,3.0,0.6,0.3,1.9,2.1
32,Tony Parker,SAS,80,33.9,18.9,7.8,14.2,0.548,0.1,0.5,0.306,3.2,4.5,0.707,0.5,2.8,3.3,5.8,1.0,0.1,3.1,2.0
33,Steve Nash,PHX,79,35.4,18.8,6.8,13.4,0.512,1.9,4.3,0.439,3.3,3.5,0.921,0.6,3.6,4.2,10.5,0.8,0.2,3.5,1.5
34,Al Harrington,ATL,76,36.6,18.6,7.3,16.1,0.452,0.9,2.5,0.346,3.2,4.6,0.694,1.7,5.1,6.9,3.1,1.1,0.2,2.6,4.0
35,Tim Duncan,SAS,80,34.8,18.6,7.2,14.8,0.484,0.0,0.1,0.4,4.2,6.7,0.629,2.9,8.1,11.0,3.2,0.9,2.0,2.5,2.7
36,Chauncey Billups,DET,81,36.1,18.5,5.2,12.5,0.418,2.3,5.2,0.433,5.7,6.4,0.894,0.5,2.6,3.1,8.6,0.9,0.1,2.1,2.0
37,Peja Stojakovic,IND,71,36.6,18.2,6.3,14.3,0.437,2.3,5.7,0.401,3.4,3.7,0.915,1.1,4.7,5.8,1.9,0.6,0.1,1.5,2.4
38,Zach Randolph,POR,74,34.4,18.0,7.2,16.6,0.436,0.2,0.7,0.291,3.3,4.6,0.714,2.6,5.4,8.0,1.9,0.8,0.2,2.2,2.5
39,Mehmet Okur,UTA,82,35.9,18.0,6.3,13.8,0.46,1.0,2.9,0.342,4.3,5.5,0.78,2.6,6.5,9.1,2.4,0.5,0.9,2.0,3.5
40,Baron Davis,GSW,54,36.5,17.9,6.2,15.9,0.389,1.9,6.0,0.315,3.6,5.4,0.675,0.8,3.5,4.4,8.9,1.6,0.3,2.9,3.1
41,Corey Maggette,LAC,32,29.5,17.8,5.2,11.7,0.445,0.8,2.2,0.338,6.6,8.0,0.828,0.9,4.4,5.3,2.1,0.6,0.1,2.4,3.0
42,Caron Butler,WAS,75,36.1,17.6,6.6,14.5,0.455,0.5,1.6,0.342,3.9,4.4,0.87,1.5,4.7,6.2,2.5,1.7,0.2,2.3,3.2
43,Metta World Peace,SAC,56,39.4,17.6,6.3,15.5,0.404,1.4,4.5,0.308,3.7,5.4,0.675,1.3,3.8,5.1,3.6,2.2,0.7,2.3,2.9
44,Sam Cassell,LAC,78,34.0,17.2,6.3,14.3,0.443,0.9,2.4,0.368,3.7,4.3,0.863,0.5,3.2,3.7,6.3,0.9,0.1,2.2,2.9
45,Jason Terry,DAL,80,35.0,17.1,6.5,13.7,0.47,2.1,5.2,0.411,2.1,2.6,0.8,0.4,1.6,2.0,3.8,1.3,0.3,1.7,2.5
46,David West,NOP,74,34.1,17.1,7.2,14.0,0.512,0.0,0.1,0.273,2.7,3.2,0.843,2.3,5.1,7.4,1.2,0.8,0.9,1.4,2.9
47,Ben Gordon,CHI,80,31.0,16.9,6.1,14.4,0.422,2.1,4.8,0.435,2.6,3.4,0.787,0.5,2.2,2.7,3.0,0.9,0.1,2.3,3.0
48,Morris Peterson,TOR,82,38.3,16.8,5.8,13.4,0.436,2.2,5.5,0.395,2.9,3.6,0.82,0.8,3.9,4.6,2.3,1.3,0.2,1.5,2.7
49,Stephen Jackson,IND,81,35.9,16.4,5.8,14.2,0.411,1.4,4.2,0.345,3.3,4.2,0.786,0.6,3.3,3.9,2.8,1.3,0.5,2.5,2.4
50,Stephon Marbury,NYK,60,36.6,16.3,5.8,12.9,0.451,0.6,1.7,0.317,4.1,5.4,0.755,0.4,2.5,2.9,6.4,1.1,0.1,2.6,2.4
51,Carlos Boozer,UTA,33,31.1,16.3,6.6,12.1,0.549,0.0,0.0,0.0,3.0,4.2,0.723,2.2,6.4,8.6,2.7,0.9,0.2,2.1,3.2
52,Chris Paul,NOP,78,36.0,16.1,5.2,12.1,0.43,0.6,2.3,0.282,5.1,6.0,0.847,0.8,4.3,5.1,7.8,2.2,0.1,2.3,2.8
53,Kirk Hinrich,CHI,81,36.5,15.9,5.6,13.3,0.418,1.6,4.2,0.37,3.2,3.9,0.815,0.4,3.2,3.6,6.3,1.2,0.3,2.3,3.1
54,Dwight Howard,ORL,82,36.8,15.8,5.7,10.7,0.531,0.0,0.0,0.0,4.3,7.3,0.595,3.5,9.0,12.5,1.5,0.8,1.4,2.6,3.4
55,Josh Howard,DAL,59,32.5,15.6,5.9,12.6,0.471,0.5,1.1,0.429,3.3,4.5,0.734,2.1,4.2,6.3,1.9,1.2,0.4,1.3,2.8
56,Zydrunas Ilgauskas,CLE,78,29.3,15.6,5.8,11.4,0.506,0.0,0.1,0.0,4.1,4.9,0.834,3.1,4.4,7.6,1.2,0.5,1.7,2.0,3.6
57,Larry Hughes,CLE,36,35.6,15.5,5.3,13.0,0.409,0.8,2.1,0.368,4.1,5.4,0.756,0.7,3.8,4.5,3.6,1.5,0.6,2.8,3.3
58,Andrei Kirilenko,UTA,69,37.7,15.3,4.9,10.6,0.46,0.5,1.7,0.308,5.0,7.2,0.699,2.3,5.7,8.0,4.3,1.5,3.2,2.9,2.3
59,Gerald Wallace,CHA,55,34.5,15.2,5.8,10.7,0.538,0.3,0.9,0.28,3.4,5.6,0.614,2.2,5.3,7.5,1.7,2.5,2.1,1.8,2.7
60,Grant Hill,ORL,21,29.2,15.1,5.7,11.6,0.49,0.1,0.4,0.25,3.7,4.9,0.765,0.7,3.1,3.8,2.3,1.1,0.3,1.7,2.4
61,Rasheed Wallace,DET,80,34.7,15.1,5.7,13.3,0.43,1.9,5.4,0.357,1.7,2.3,0.743,1.1,5.7,6.8,2.3,1.0,1.6,1.1,2.9
62,Manu Ginobili,SAS,65,27.9,15.1,4.8,10.3,0.462,1.3,3.3,0.382,4.3,5.5,0.778,0.6,2.9,3.5,3.6,1.6,0.4,1.9,2.4
63,Brad Miller,SAC,79,37.0,15.0,5.5,11.1,0.495,0.4,1.1,0.386,3.5,4.3,0.828,1.5,6.2,7.8,4.7,0.8,0.8,2.3,3.0
64,Hedo Turkoglu,ORL,78,33.5,14.9,5.1,11.2,0.454,1.5,3.6,0.403,3.3,3.8,0.861,0.9,3.4,4.3,2.8,0.9,0.3,1.7,3.0
65,Lamar Odom,LAL,80,40.3,14.8,5.6,11.6,0.481,1.0,2.7,0.372,2.7,3.9,0.69,2.3,7.0,9.2,5.5,0.9,0.8,2.7,3.2
66,Cuttino Mobley,LAC,79,37.7,14.8,5.4,12.8,0.426,1.1,3.1,0.339,2.9,3.5,0.839,0.6,3.7,4.3,3.0,1.2,0.5,1.8,2.6
67,Raja Bell,PHX,79,37.5,14.7,5.4,11.8,0.457,2.5,5.6,0.442,1.5,1.8,0.788,0.6,2.6,3.2,2.6,1.0,0.3,1.1,3.1
68,Jameer Nelson,ORL,62,28.8,14.6,5.6,11.6,0.483,1.1,2.7,0.424,2.3,2.9,0.779,0.6,2.3,2.9,4.9,1.1,0.1,2.4,2.8
69,Steve Francis,NYK,70,34.2,14.4,4.8,10.9,0.435,0.4,1.2,0.301,4.5,5.7,0.787,1.1,3.1,4.1,4.9,1.1,0.2,3.1,2.9
70,Jamal Crawford,NYK,79,32.3,14.3,4.6,11.1,0.416,1.3,3.7,0.345,3.7,4.5,0.826,0.5,2.7,3.1,3.8,1.1,0.2,2.2,1.9
71,Luol Deng,CHI,78,33.4,14.3,5.7,12.2,0.463,0.3,1.0,0.269,2.7,3.5,0.75,1.6,5.0,6.6,1.9,0.9,0.6,1.3,1.6
72,Tayshaun Prince,DET,82,35.3,14.1,5.5,12.2,0.455,0.8,2.2,0.35,2.2,2.9,0.765,1.3,3.0,4.2,2.3,0.8,0.5,1.1,1.2
73,Troy Murphy,GSW,74,34.0,14.0,4.9,11.3,0.433,0.8,2.4,0.32,3.4,4.3,0.787,2.6,7.4,10.0,1.4,0.6,0.4,1.5,2.6
74,Darius Miles,POR,40,32.1,14.0,5.9,12.8,0.461,0.1,0.3,0.2,2.2,4.1,0.534,0.6,4.0,4.6,1.8,1.1,1.0,2.5,2.5
75,Andre Miller,DEN,82,35.8,13.7,4.9,10.6,0.463,0.1,0.3,0.185,3.8,5.2,0.738,1.1,3.2,4.3,8.2,1.3,0.2,3.1,2.6
76,Mike Miller,MEM,74,30.6,13.7,4.8,10.3,0.466,1.9,4.6,0.407,2.3,2.8,0.8,0.6,4.8,5.4,2.7,0.7,0.4,1.9,2.3
77,Eddy Curry,NYK,72,25.9,13.6,4.7,8.3,0.563,0.0,0.0,0.0,4.3,6.8,0.632,2.0,4.0,6.0,0.3,0.4,0.8,2.5,3.3
78,Bonzi Wells,SAC,52,32.4,13.6,5.5,11.8,0.463,0.2,0.9,0.222,2.5,3.7,0.679,2.7,5.0,7.7,2.8,1.8,0.5,2.4,3.0
79,Nenad Krstic,NJN,80,30.9,13.5,5.6,11.0,0.507,0.0,0.1,0.25,2.3,3.3,0.698,2.3,4.1,6.4,1.1,0.4,0.8,1.7,3.7
80,Bobby Simmons,MIL,75,33.8,13.4,4.9,10.8,0.453,1.4,3.3,0.42,2.2,2.7,0.825,1.2,3.2,4.4,2.3,1.1,0.3,1.6,3.4
81,Boris Diaw,PHX,81,35.5,13.3,5.5,10.5,0.526,0.1,0.4,0.267,2.1,2.9,0.731,2.0,4.9,6.9,6.2,0.7,1.0,2.3,3.2
82,Jason Kidd,NJN,80,37.2,13.3,4.6,11.3,0.404,1.7,4.9,0.352,2.4,3.1,0.795,1.1,6.2,7.3,8.4,1.9,0.4,2.4,2.0
83,Derek Fisher,GSW,82,31.6,13.3,4.4,10.8,0.41,1.4,3.6,0.397,3.0,3.6,0.833,0.4,2.1,2.6,4.3,1.5,0.1,1.9,2.9
84,Emeka Okafor,CHA,26,33.6,13.2,5.0,12.2,0.415,0.0,0.0,0.0,3.2,4.8,0.656,3.6,6.4,10.0,1.2,0.8,1.9,2.0,3.4
85,Leandro Barbosa,PHX,57,27.9,13.1,4.8,9.9,0.481,1.5,3.4,0.444,1.9,2.6,0.755,0.5,2.1,2.6,2.8,0.8,0.1,1.6,2.5
86,Charlie Villanueva,TOR,81,29.2,13.0,5.4,11.6,0.463,0.9,2.6,0.327,1.4,2.0,0.706,2.2,4.2,6.4,1.1,0.7,0.8,1.2,3.0
87,Jerry Stackhouse,DAL,55,27.7,13.0,4.4,11.0,0.401,0.7,2.4,0.277,3.5,4.0,0.882,0.6,2.2,2.8,2.9,0.7,0.2,2.2,1.7
88,Andres Nocioni,CHI,82,27.3,13.0,4.7,10.1,0.461,1.1,2.9,0.391,2.5,3.0,0.843,1.1,5.0,6.1,1.4,0.5,0.6,1.5,3.1
89,Kenyon Martin,DEN,56,27.6,12.9,5.3,10.7,0.495,0.1,0.4,0.227,2.2,3.0,0.712,1.7,4.6,6.3,1.4,0.8,0.9,1.3,3.1
90,Marcus Camby,DEN,56,33.2,12.8,5.4,11.6,0.465,0.0,0.2,0.091,2.0,2.8,0.712,2.4,9.6,11.9,2.1,1.4,3.3,1.6,2.8
91,Brevin Knight,CHA,69,34.1,12.6,4.5,11.2,0.399,0.0,0.2,0.231,3.7,4.6,0.803,0.5,2.7,3.2,8.8,2.3,0.1,2.4,2.9
92,Earl Boykins,DEN,60,25.7,12.6,4.5,11.0,0.41,1.0,3.0,0.346,2.5,2.9,0.874,0.4,1.0,1.4,3.8,0.8,0.1,1.4,1.2
93,Matt Harpring,UTA,71,27.4,12.5,4.5,9.5,0.475,0.2,0.5,0.359,3.2,4.4,0.725,2.2,3.0,5.2,1.4,0.8,0.2,1.5,2.8
94,Primoz Brezec,CHA,79,27.4,12.4,5.2,10.0,0.517,0.0,0.0,0.0,2.1,2.8,0.732,2.3,3.3,5.6,0.6,0.2,0.4,1.1,2.9
95,Jason Williams,MIA,59,31.8,12.3,4.5,10.3,0.442,1.8,4.9,0.372,1.4,1.7,0.867,0.1,2.3,2.4,4.9,0.9,0.1,1.7,1.7
96,Channing Frye,NYK,65,24.2,12.3,4.7,9.8,0.477,0.0,0.1,0.333,2.9,3.5,0.825,2.1,3.6,5.8,0.8,0.5,0.7,1.5,3.1
97,Shareef Abdur-Rahim,SAC,72,27.2,12.3,4.6,8.8,0.525,0.1,0.3,0.227,3.0,3.9,0.784,1.5,3.5,5.0,2.1,0.7,0.6,1.5,3.2
98,Jalen Rose,NYK,72,27.5,12.3,4.0,9.5,0.423,0.8,2.4,0.343,3.4,4.4,0.78,0.4,2.5,2.9,2.5,0.4,0.2,1.6,2.2
99,Juan Dixon,POR,76,25.3,12.3,4.7,10.8,0.435,0.9,2.2,0.382,2.1,2.6,0.804,0.4,1.9,2.3,2.0,0.8,0.1,1.5,2.1
100,Andre Iguodala,PHI,82,37.6,12.3,4.2,8.4,0.5,0.7,1.9,0.354,3.2,4.3,0.754,1.4,4.4,5.9,3.1,1.6,0.3,1.9,2.4
101,Speedy Claxton,NOP,71,28.4,12.3,4.3,10.4,0.413,0.2,0.9,0.27,3.5,4.5,0.769,0.5,2.2,2.7,4.8,1.5,0.1,2.2,2.5
102,Antoine Walker,MIA,82,26.8,12.2,4.8,11.0,0.435,1.7,4.7,0.358,1.0,1.6,0.628,1.3,3.9,5.1,2.0,0.6,0.4,1.8,2.3
103,T.J. Ford,MIL,72,35.5,12.2,4.6,11.0,0.416,0.5,1.4,0.337,2.6,3.4,0.754,0.9,3.4,4.3,6.6,1.4,0.1,3.0,2.7
104,Mo Williams,MIL,58,26.4,12.1,4.6,10.8,0.424,1.3,3.3,0.382,1.7,1.9,0.85,0.5,1.9,2.5,4.0,0.9,0.1,1.8,2.5
105,Ruben Patterson,DEN,71,25.2,12.1,4.6,8.9,0.515,0.0,0.2,0.077,2.9,4.8,0.601,1.7,1.8,3.4,1.8,1.1,0.3,2.1,2.1
106,Rafer Alston,HOU,63,38.6,12.1,4.4,11.7,0.379,1.6,5.0,0.327,1.6,2.3,0.692,0.6,3.5,4.0,6.7,1.6,0.2,2.5,3.1
107,Chris Kaman,LAC,78,32.8,11.9,4.7,9.1,0.523,0.0,0.0,0.0,2.5,3.2,0.77,2.4,7.2,9.6,1.0,0.6,1.4,2.3,3.4
108,Raymond Felton,CHA,80,30.1,11.9,4.3,11.0,0.391,1.2,3.4,0.358,2.0,2.8,0.725,1.0,2.4,3.3,5.6,1.3,0.1,2.3,2.3
109,Eddie Jones,MEM,75,32.5,11.8,3.9,9.6,0.404,1.8,5.0,0.356,2.2,2.9,0.781,0.5,3.3,3.7,2.4,1.7,0.4,1.2,2.7
110,Juwan Howard,HOU,80,31.7,11.8,4.9,10.7,0.459,0.0,0.1,0.0,1.9,2.4,0.806,2.1,4.6,6.7,1.4,0.6,0.1,1.7,2.9
111,Delonte West,BOS,71,34.0,11.8,4.7,9.6,0.487,1.2,3.1,0.385,1.2,1.4,0.851,0.8,3.3,4.1,4.6,1.2,0.6,1.9,2.8
112,Damon Stoudamire,MEM,27,31.9,11.7,4.2,10.6,0.397,1.3,3.9,0.346,2.0,2.3,0.855,0.9,2.7,3.5,4.7,0.7,0.0,2.0,1.8
113,Zaza Pachulia,ATL,78,31.4,11.7,3.9,8.7,0.451,0.0,0.0,0.0,3.8,5.2,0.735,3.4,4.5,7.9,1.7,1.1,0.5,2.3,3.7
114,Luke Ridnour,SEA,79,33.2,11.5,4.2,10.1,0.418,0.5,1.9,0.289,2.5,2.9,0.877,0.6,2.4,3.0,7.0,1.6,0.3,2.1,2.3
115,Mike Dunleavy,GSW,81,31.8,11.5,4.1,10.1,0.406,0.9,3.2,0.285,2.4,3.1,0.778,1.0,4.0,4.9,2.9,0.7,0.4,1.5,2.5
116,Smush Parker,LAL,82,33.8,11.5,4.2,9.5,0.447,1.5,4.0,0.366,1.5,2.2,0.694,0.5,2.9,3.3,3.7,1.7,0.2,1.8,2.6
117,Kyle Korver,PHI,82,31.3,11.5,4.0,9.3,0.43,2.2,5.3,0.42,1.2,1.5,0.849,0.3,3.0,3.3,2.0,0.8,0.3,1.2,2.7
118,Bobby Jackson,MEM,71,25.0,11.4,4.0,10.5,0.382,1.8,4.7,0.389,1.5,2.1,0.733,0.6,2.5,3.1,2.7,0.9,0.0,1.4,2.2
119,Mark Blount,MIN,81,27.6,11.3,4.6,9.1,0.508,0.0,0.0,0.0,2.1,2.7,0.757,1.2,3.3,4.5,1.2,0.5,0.9,2.4,3.1
120,Josh Smith,ATL,80,32.0,11.3,4.1,9.7,0.425,0.4,1.4,0.309,2.6,3.7,0.719,2.2,4.4,6.6,2.4,0.8,2.6,2.0,3.3
121,Flip Murray,CLE,76,27.8,11.2,4.2,10.1,0.418,0.5,1.9,0.262,2.3,3.2,0.711,0.4,1.6,2.0,2.6,0.9,0.1,1.8,1.8
122,Tyronn Lue,ATL,51,24.2,11.0,3.8,8.2,0.459,1.1,2.5,0.457,2.3,2.7,0.855,0.3,1.4,1.6,3.1,0.5,0.1,1.5,2.2
123,DeShawn Stevenson,ORL,82,32.3,11.0,4.4,9.5,0.46,0.0,0.2,0.133,2.2,3.0,0.744,0.7,2.2,2.9,2.0,0.7,0.2,1.5,2.2
124,Desmond Mason,NOP,70,30.0,10.8,3.9,9.9,0.399,0.0,0.1,0.167,2.9,4.3,0.682,0.9,3.3,4.3,0.9,0.6,0.2,1.6,1.9
125,Kevin Martin,SAC,72,26.6,10.8,3.6,7.6,0.48,0.9,2.5,0.369,2.6,3.1,0.847,0.8,2.8,3.6,1.3,0.8,0.1,1.1,1.9
126,Deron Williams,UTA,80,28.8,10.8,4.2,10.1,0.421,1.1,2.7,0.416,1.2,1.7,0.704,0.4,2.0,2.4,4.5,0.8,0.2,1.8,2.9
127,Drew Gooden,CLE,79,27.5,10.7,4.2,8.3,0.512,0.0,0.0,0.333,2.2,3.3,0.682,3.0,5.4,8.4,0.7,0.7,0.6,1.3,2.4
128,Gordan Giricek,UTA,37,25.8,10.6,4.5,10.4,0.433,0.5,1.6,0.305,1.2,1.5,0.754,0.4,1.5,1.9,1.7,0.4,0.1,1.7,2.4
129,Jumaine Jones,CHA,76,27.5,10.5,3.9,9.7,0.405,1.5,4.4,0.343,1.2,1.6,0.727,1.4,3.6,4.9,0.8,0.9,0.3,1.0,2.6
130,Tim Thomas,PHX,29,22.9,10.3,3.9,9.0,0.431,1.6,3.8,0.414,1.0,1.4,0.667,0.8,3.8,4.5,0.7,0.6,0.2,1.1,2.7
131,Chris Mihm,LAL,59,26.1,10.2,3.9,7.8,0.501,0.0,0.0,0.0,2.4,3.4,0.716,2.3,4.0,6.3,1.0,0.3,1.2,1.4,3.6
132,Marquis Daniels,DAL,62,28.5,10.2,4.0,8.3,0.48,0.1,0.3,0.211,2.2,3.0,0.754,1.3,2.3,3.6,2.8,1.1,0.2,1.6,2.3
133,Michael Finley,SAS,77,26.5,10.1,3.7,9.0,0.412,1.4,3.6,0.394,1.3,1.5,0.852,0.4,2.8,3.2,1.5,0.5,0.1,0.8,1.3
134,Shane Battier,MEM,81,35.1,10.1,3.7,7.7,0.488,0.8,2.0,0.394,1.8,2.6,0.707,2.0,3.3,5.3,1.7,1.1,1.4,1.1,2.8
135,Kareem Rush,CHA,47,23.6,10.1,3.9,10.0,0.386,1.2,3.5,0.348,1.2,1.6,0.714,0.4,1.8,2.2,1.1,0.8,0.3,1.4,1.7
136,Josh Childress,ATL,74,30.4,10.0,3.8,6.8,0.552,0.4,0.9,0.492,2.1,2.7,0.766,1.8,3.4,5.2,1.8,1.2,0.5,1.4,2.5
137,Marcus Banks,MIN,58,25.8,10.0,3.8,8.1,0.468,0.4,1.1,0.349,2.0,2.5,0.803,0.4,1.9,2.3,3.8,0.9,0.2,2.1,2.8
138,Devin Harris,DAL,56,22.7,9.9,3.4,7.2,0.469,0.1,0.4,0.238,3.0,4.2,0.716,0.5,1.8,2.2,3.2,0.9,0.3,1.5,2.2
139,David Wesley,HOU,71,33.4,9.9,3.2,7.9,0.403,1.4,3.8,0.365,2.1,2.6,0.807,0.3,2.2,2.5,2.9,0.8,0.1,1.7,3.0
140,Eddie House,PHX,81,17.5,9.8,4.0,9.4,0.422,1.5,3.9,0.389,0.4,0.5,0.805,0.2,1.4,1.6,1.8,0.5,0.1,0.9,1.2
141,Melvin Ely,CHA,57,23.7,9.8,3.8,7.5,0.508,0.0,0.0,0.0,2.2,3.4,0.667,1.6,3.2,4.9,1.3,0.5,0.8,1.8,2.8
142,Vladimir Radmanovic,LAC,77,25.6,9.8,3.4,8.4,0.407,1.8,4.6,0.39,1.2,1.5,0.816,0.8,3.8,4.6,1.8,0.8,0.4,1.2,2.7
143,Antonio Daniels,WAS,79,28.9,9.7,2.9,7.0,0.418,0.3,1.3,0.228,3.6,4.3,0.845,0.2,1.9,2.2,3.6,0.7,0.1,1.1,1.2
144,Salim Stoudamire,ATL,61,20.3,9.7,3.3,8.1,0.415,1.3,3.5,0.38,1.6,1.8,0.9,0.2,1.7,1.9,1.2,0.4,0.0,1.3,1.9
145,Fred Jones,IND,68,27.0,9.6,3.4,8.2,0.417,0.9,2.8,0.337,1.8,2.4,0.763,0.3,2.2,2.5,2.3,0.8,0.3,1.6,2.1
146,Chucky Atkins,MEM,71,24.1,9.5,3.2,8.1,0.394,1.4,3.9,0.354,1.8,2.3,0.791,0.3,1.4,1.7,2.8,0.6,0.0,1.2,2.1
147,Troy Hudson,MIN,36,22.2,9.5,3.5,9.3,0.381,1.1,2.8,0.396,1.3,1.4,0.923,0.2,1.0,1.2,2.9,0.3,0.1,1.1,1.5
148,Sebastian Telfair,POR,68,24.1,9.5,3.4,8.5,0.394,0.8,2.4,0.352,1.9,2.6,0.743,0.3,1.5,1.8,3.6,1.0,0.1,1.7,2.5
149,Keyon Dooling,ORL,50,22.7,9.4,3.6,8.1,0.44,0.3,0.9,0.302,2.0,2.4,0.835,0.2,1.3,1.6,2.2,1.0,0.1,1.6,2.3
150,Andrew Bogut,MIL,82,28.6,9.4,3.9,7.4,0.533,0.0,0.0,0.0,1.5,2.4,0.629,2.3,4.7,7.0,2.3,0.6,0.8,1.5,3.2
151,Udonis Haslem,MIA,81,30.8,9.3,3.7,7.3,0.508,0.0,0.0,0.0,1.9,2.5,0.789,2.1,5.8,7.8,1.2,0.6,0.2,1.0,2.7
152,Jarvis Hayes,WAS,21,24.6,9.3,3.7,8.7,0.421,0.8,2.2,0.362,1.2,1.4,0.833,0.9,2.7,3.6,1.3,0.8,0.0,1.0,1.8
153,James Jones,PHX,75,23.6,9.3,3.2,7.7,0.418,1.5,3.8,0.386,1.4,1.6,0.851,0.6,2.8,3.4,0.8,0.5,0.7,0.5,1.9
154,Nate Robinson,NYK,72,21.4,9.3,3.2,7.8,0.407,0.8,2.0,0.397,2.1,2.8,0.752,0.8,1.5,2.3,2.0,0.8,0.0,1.6,2.8
155,Jamaal Tinsley,IND,42,26.7,9.3,3.8,9.2,0.409,0.4,1.7,0.229,1.4,2.2,0.637,0.8,2.3,3.2,5.0,1.2,0.1,2.6,2.3
156,Donyell Marshall,CLE,81,25.7,9.3,3.3,8.3,0.395,1.6,4.9,0.324,1.1,1.5,0.748,1.3,4.8,6.1,0.7,0.7,0.5,1.1,2.0
157,Mickael Pietrus,GSW,52,22.7,9.3,3.3,8.0,0.404,1.1,3.4,0.318,1.7,2.8,0.608,1.1,2.0,3.1,0.8,0.6,0.2,1.5,2.5
158,Trenton Hassell,MIN,77,32.6,9.2,3.7,8.0,0.464,0.1,0.3,0.304,1.7,2.3,0.744,1.1,1.7,2.8,2.6,0.6,0.4,1.6,2.6
159,Anthony Johnson,IND,75,26.4,9.2,3.6,8.0,0.443,0.7,2.1,0.329,1.4,1.9,0.752,0.4,1.8,2.2,4.3,0.8,0.3,1.5,1.8
160,Jamaal Magloire,MIL,82,30.0,9.2,3.5,7.5,0.467,0.0,0.0,0.0,2.2,4.1,0.535,2.7,6.8,9.5,0.7,0.4,1.0,2.0,3.4
161,Darius Songaila,CHI,62,21.4,9.2,3.8,7.9,0.481,0.0,0.1,0.4,1.5,1.9,0.817,1.2,2.7,4.0,1.4,0.6,0.3,1.4,2.5
162,Kenny Thomas,SAC,82,28.0,9.1,3.7,7.4,0.505,0.0,0.0,0.0,1.7,2.5,0.676,2.4,5.1,7.5,2.0,0.9,0.5,1.6,2.4
163,P.J. Brown,NOP,75,31.7,9.0,3.6,7.8,0.461,0.0,0.0,0.0,1.9,2.2,0.827,2.4,4.9,7.3,1.2,0.6,0.7,1.2,2.9
164,Keith Van Horn,DAL,53,20.5,8.9,3.1,7.3,0.424,0.9,2.6,0.368,1.8,2.1,0.832,1.0,2.6,3.6,0.7,0.6,0.2,1.3,2.3
165,Earl Watson,SEA,70,22.5,8.9,3.1,7.3,0.43,1.6,3.9,0.404,1.1,1.6,0.676,0.3,1.9,2.3,4.1,1.0,0.1,1.9,2.3
166,Stromile Swift,HOU,66,20.4,8.9,3.4,6.9,0.491,0.0,0.0,0.0,2.1,3.2,0.651,1.6,2.8,4.4,0.4,0.6,0.8,1.4,3.0
167,Bracey Wright,MIN,7,19.3,8.9,3.0,7.3,0.412,0.9,2.4,0.353,2.0,2.3,0.875,0.4,2.1,2.6,0.7,0.1,0.0,1.1,1.1
168,Luther Head,HOU,80,28.9,8.8,3.2,7.9,0.403,1.4,3.9,0.361,1.1,1.5,0.699,0.4,2.9,3.3,2.7,1.1,0.1,1.5,2.1
169,Chris Duhon,CHI,74,29.1,8.7,2.9,7.3,0.4,1.4,3.8,0.36,1.6,1.9,0.818,0.4,2.6,3.0,5.0,0.9,0.0,1.6,2.1
170,Rasual Butler,NOP,79,23.7,8.7,3.3,8.0,0.406,1.2,3.1,0.38,1.0,1.4,0.693,0.6,2.3,2.9,0.5,0.4,0.6,0.9,1.8
171,Amar'e Stoudemire,PHX,3,16.8,8.7,3.0,9.0,0.333,0.0,0.3,0.0,2.7,3.0,0.889,2.0,3.3,5.3,0.7,0.3,1.0,0.3,1.3
172,Keith Bogans,HOU,72,26.6,8.6,3.0,7.6,0.395,0.9,2.8,0.325,1.8,2.6,0.683,0.8,2.8,3.5,1.8,1.0,0.1,1.3,2.3
173,Joe Smith,MIL,44,20.2,8.6,3.3,6.9,0.475,0.0,0.0,0.0,2.0,2.6,0.774,1.9,3.3,5.2,0.7,0.5,0.3,0.9,2.7
174,Kurt Thomas,PHX,53,26.6,8.6,3.6,7.4,0.486,0.0,0.0,0.0,1.4,1.7,0.815,1.9,5.9,7.8,1.1,0.4,1.0,1.1,3.6
175,Marvin Williams,ATL,79,24.7,8.5,3.0,6.7,0.443,0.2,0.7,0.245,2.4,3.2,0.747,1.5,3.3,4.8,0.8,0.6,0.3,1.1,2.9
176,Charlie Bell,MIL,59,21.7,8.4,3.1,6.9,0.439,1.2,2.8,0.423,1.1,1.5,0.708,0.4,1.7,2.0,2.2,1.0,0.1,0.7,2.1
177,Steve Blake,POR,68,26.2,8.2,3.0,6.9,0.438,1.1,2.7,0.413,1.1,1.3,0.791,0.4,1.8,2.1,4.5,0.6,0.1,1.2,1.6
178,Sean May,CHA,23,17.3,8.2,3.0,7.4,0.409,0.0,0.2,0.0,2.1,2.8,0.766,1.8,2.9,4.7,1.0,0.7,0.5,1.4,2.5
179,Quentin Richardson,NYK,55,26.2,8.2,3.0,8.3,0.355,1.2,3.4,0.34,1.1,1.7,0.67,1.2,3.0,4.2,1.6,0.7,0.1,1.0,2.4
180,Austin Croshere,IND,50,23.0,8.2,2.6,5.7,0.463,1.1,2.8,0.386,1.8,2.0,0.882,1.2,4.1,5.3,1.2,0.4,0.1,1.0,2.1
181,Chris Wilcox,SEA,77,19.9,8.1,3.3,5.8,0.571,0.0,0.0,0.0,1.5,2.0,0.732,1.5,3.8,5.3,0.7,0.4,0.4,0.9,2.4
182,Derek Anderson,MIA,43,24.3,8.1,2.5,7.0,0.356,0.9,3.1,0.299,2.2,2.6,0.838,0.5,2.8,3.3,2.3,0.5,0.1,1.3,2.3
183,Mike Sweetney,CHI,66,18.5,8.1,3.0,6.7,0.45,0.0,0.0,0.0,2.0,3.1,0.652,1.8,3.5,5.3,0.9,0.3,0.8,1.4,3.2
184,Kirk Snyder,NOP,68,19.3,8.0,3.0,6.7,0.453,0.7,1.9,0.357,1.3,1.7,0.735,0.8,1.6,2.4,1.5,0.4,0.3,1.0,1.6
185,Rashad McCants,MIN,79,17.3,7.9,3.1,6.8,0.45,0.8,2.3,0.372,1.0,1.3,0.736,0.4,1.4,1.8,0.8,0.6,0.3,1.1,2.2
186,Brian Cook,LAL,81,18.9,7.9,3.2,6.3,0.511,0.4,1.0,0.429,1.0,1.2,0.832,1.1,2.3,3.4,0.9,0.5,0.4,0.8,2.5
187,Tony Battie,ORL,82,27.0,7.9,3.4,6.7,0.507,0.0,0.1,0.0,1.1,1.6,0.664,1.8,3.8,5.6,0.6,0.6,0.8,1.1,3.0
188,Al Jefferson,BOS,59,18.0,7.9,3.2,6.4,0.499,0.0,0.1,0.0,1.5,2.3,0.642,1.6,3.4,5.1,0.5,0.5,0.8,1.1,2.8
189,Alonzo Mourning,MIA,65,20.0,7.8,2.9,4.8,0.597,0.0,0.0,0.0,2.0,3.4,0.594,1.9,3.6,5.5,0.2,0.2,2.7,1.2,2.7
190,Marko Jaric,MIN,75,28.0,7.8,3.0,7.5,0.399,0.5,1.8,0.301,1.3,1.8,0.688,0.8,2.3,3.1,3.9,1.4,0.3,1.7,2.5
191,Raef LaFrentz,BOS,82,24.8,7.8,2.9,6.7,0.431,1.4,3.5,0.392,0.6,0.9,0.68,1.0,4.0,5.0,1.4,0.4,0.9,0.8,3.3
192,Antonio McDyess,DET,82,21.1,7.8,3.5,6.8,0.509,0.0,0.0,0.0,0.8,1.5,0.557,1.9,3.4,5.3,1.1,0.6,0.6,0.9,2.7
193,Gary Payton,MIA,81,28.5,7.7,2.8,6.8,0.42,0.8,2.8,0.287,1.2,1.6,0.794,0.4,2.5,2.9,3.2,0.9,0.1,1.3,2.1
194,J.R. Smith,NOP,55,18.0,7.7,2.6,6.7,0.393,0.9,2.5,0.371,1.5,1.8,0.822,0.3,1.7,2.0,1.1,0.7,0.1,1.0,1.6
195,Matt Carroll,CHA,78,16.3,7.6,2.5,6.1,0.403,0.9,2.4,0.389,1.8,2.2,0.821,0.4,1.6,2.0,0.4,0.6,0.1,0.6,1.5
196,Tony Delk,DET,24,16.0,7.6,3.0,6.7,0.441,0.8,2.0,0.426,0.8,1.1,0.741,0.6,1.6,2.2,1.4,0.5,0.0,0.8,1.2
197,Ryan Gomes,BOS,61,22.5,7.6,2.8,5.8,0.487,0.0,0.1,0.333,1.8,2.4,0.752,1.7,3.2,4.9,1.0,0.6,0.1,0.9,1.4
198,Bruce Bowen,SAS,82,33.6,7.5,2.8,6.5,0.433,1.3,3.0,0.424,0.6,1.0,0.607,0.4,3.5,3.9,1.5,1.0,0.4,0.8,2.3
199,John Salmons,PHI,82,25.1,7.5,2.7,6.4,0.42,0.3,1.1,0.299,1.9,2.4,0.775,0.6,2.1,2.7,2.7,0.9,0.2,1.5,2.2
200,Devin Brown,UTA,81,21.1,7.5,2.6,6.5,0.393,0.5,1.5,0.331,2.0,2.6,0.745,0.9,1.7,2.6,1.3,0.5,0.2,1.2,1.9
201,Danny Granger,IND,78,22.6,7.5,2.8,6.1,0.462,0.4,1.2,0.323,1.5,1.9,0.777,1.7,3.2,4.9,1.2,0.7,0.8,1.0,2.7
202,Matt Bonner,TOR,78,21.9,7.5,2.7,6.0,0.448,1.3,3.1,0.42,0.8,1.0,0.829,1.1,2.5,3.6,0.7,0.6,0.4,0.4,2.8
203,Nick Collison,SEA,66,21.9,7.5,3.1,6.0,0.525,0.0,0.0,0.0,1.2,1.7,0.699,2.2,3.4,5.6,1.1,0.3,0.5,1.2,3.2
204,Kwame Brown,LAL,72,27.5,7.4,2.8,5.4,0.526,0.0,0.0,0.0,1.8,3.3,0.545,2.5,4.0,6.6,1.0,0.4,0.6,1.4,2.7
205,Samuel Dalembert,PHI,66,26.7,7.3,3.0,5.6,0.531,0.0,0.0,0.0,1.4,2.0,0.705,2.4,5.8,8.2,0.4,0.5,2.4,1.6,3.7
206,Voshon Lenard,POR,26,17.6,7.3,2.9,7.3,0.393,1.0,3.0,0.321,0.6,1.2,0.516,0.2,1.6,1.8,1.6,0.8,0.2,1.2,1.5
207,Sarunas Jasikevicius,IND,75,20.8,7.3,2.3,5.7,0.396,1.1,3.1,0.364,1.6,1.8,0.91,0.3,1.8,2.0,3.0,0.5,0.1,1.5,1.4
208,Ben Wallace,DET,82,35.2,7.3,2.9,5.7,0.51,0.0,0.0,0.0,1.5,3.6,0.416,3.7,7.6,11.3,1.9,1.8,2.2,1.1,2.0
209,Brendan Haywood,WAS,79,23.8,7.3,2.8,5.5,0.514,0.0,0.0,0.0,1.7,2.8,0.585,2.5,3.4,5.9,0.6,0.4,1.3,1.2,2.9
210,Tony Allen,BOS,51,19.2,7.2,2.5,5.4,0.471,0.2,0.7,0.324,2.0,2.6,0.746,0.6,1.5,2.2,1.3,1.0,0.4,1.3,2.5
211,James Posey,MIA,67,28.6,7.2,2.4,5.9,0.403,1.7,4.3,0.403,0.7,0.9,0.787,0.5,4.3,4.8,1.3,0.8,0.3,0.9,2.9
212,Ike Diogu,GSW,69,15.0,7.0,2.5,4.8,0.524,0.0,0.0,0.0,2.0,2.4,0.81,1.4,1.9,3.3,0.4,0.2,0.4,1.1,2.4
213,Willie Green,PHI,10,15.3,7.0,2.8,6.6,0.424,1.0,1.9,0.526,0.4,0.5,0.8,0.1,1.4,1.5,0.5,0.2,0.0,1.2,1.3
214,Cliff Robinson,NJN,80,23.3,6.9,2.7,6.4,0.427,0.8,2.2,0.343,0.7,1.0,0.658,0.7,2.7,3.3,1.1,0.6,0.5,0.8,2.6
215,Monta Ellis,GSW,49,18.1,6.8,2.7,6.5,0.415,0.6,1.7,0.341,0.9,1.2,0.712,0.4,1.7,2.1,1.6,0.7,0.2,1.2,1.4
216,Damon Jones,CLE,82,25.5,6.7,2.3,6.0,0.387,1.7,4.5,0.377,0.4,0.6,0.64,0.2,1.5,1.6,2.1,0.5,0.0,0.7,1.4
217,Greg Buckner,DEN,73,24.1,6.7,2.5,5.7,0.434,1.2,3.3,0.354,0.6,0.8,0.782,0.4,2.4,2.9,1.7,1.2,0.3,0.7,2.5
218,Qyntel Woods,NYK,49,20.7,6.7,2.6,5.2,0.508,0.4,1.2,0.367,1.0,1.6,0.645,0.9,3.0,3.9,1.0,0.7,0.3,1.2,2.0
219,Amir Johnson,DET,3,12.9,6.7,2.3,3.3,0.7,0.7,1.0,0.667,1.3,1.3,1.0,1.0,0.3,1.3,1.0,0.0,0.7,1.3,2.3
220,Marcus Fizer,NOP,3,13.0,6.7,3.0,5.7,0.529,0.3,0.3,1.0,0.3,0.7,0.5,0.3,2.0,2.3,0.3,0.0,0.0,0.7,1.7
221,Joey Graham,TOR,80,19.8,6.7,2.5,5.2,0.478,0.4,1.1,0.333,1.4,1.7,0.812,0.7,2.3,3.1,0.8,0.5,0.2,1.2,2.9
222,Jarrett Jack,POR,79,20.2,6.7,2.4,5.4,0.442,0.3,1.0,0.263,1.6,2.0,0.8,0.2,1.8,2.0,2.8,0.5,0.0,1.3,1.7
223,Martell Webster,POR,61,17.5,6.6,2.3,5.7,0.399,1.1,3.0,0.357,1.0,1.2,0.859,0.5,1.7,2.1,0.6,0.3,0.2,0.7,1.5
224,Damien Wilkins,SEA,82,18.6,6.5,2.4,5.3,0.444,0.2,0.7,0.25,1.7,2.0,0.84,1.0,1.4,2.3,1.3,0.9,0.1,1.0,1.8
225,Marc Jackson,NOP,64,16.1,6.5,2.7,5.8,0.472,0.0,0.0,0.5,1.0,1.3,0.805,1.3,2.0,3.4,0.7,0.2,0.1,1.0,2.0
226,Robert Swift,SEA,47,21.0,6.4,2.6,5.1,0.515,0.0,0.0,0.0,1.1,1.9,0.582,2.0,3.6,5.6,0.2,0.3,1.2,1.0,3.0
227,Bernard Robinson,CHA,66,19.7,6.4,2.4,5.5,0.43,0.0,0.3,0.095,1.6,2.0,0.791,0.9,2.4,3.3,1.2,1.2,0.2,1.1,2.1
228,Jared Jeffries,WAS,77,25.3,6.4,2.4,5.4,0.451,0.2,0.6,0.32,1.3,2.2,0.589,2.1,2.8,4.9,1.9,0.8,0.6,1.3,2.9
229,Devean George,LAL,71,21.7,6.3,2.4,6.0,0.4,0.7,2.3,0.313,0.8,1.2,0.674,1.2,2.7,3.9,1.0,0.9,0.5,0.8,2.2
230,Mo Taylor,NYK,67,18.1,6.3,2.7,5.8,0.468,0.0,0.0,0.0,0.9,1.2,0.699,1.0,2.4,3.4,0.8,0.3,0.2,1.5,2.6
231,Milt Palacio,UTA,71,19.4,6.2,2.4,5.7,0.424,0.0,0.2,0.063,1.4,2.1,0.653,0.2,1.6,1.9,2.7,0.7,0.2,1.5,1.8
232,Nazr Mohammed,SAS,80,17.4,6.2,2.4,4.7,0.504,0.0,0.0,0.0,1.4,1.8,0.785,2.0,3.2,5.2,0.5,0.3,0.6,1.1,2.8
233,Joel Przybilla,POR,56,24.9,6.1,2.3,4.3,0.548,0.0,0.0,0.0,1.5,2.8,0.532,2.6,4.4,7.0,0.8,0.4,2.3,1.4,2.7
234,DerMarr Johnson,DEN,58,15.9,6.1,2.3,5.3,0.431,1.0,2.8,0.35,0.6,0.7,0.81,0.3,1.3,1.7,0.9,0.4,0.4,0.8,1.5
235,Steven Hunter,PHI,69,19.0,6.1,2.5,4.2,0.601,0.0,0.0,0.0,1.0,2.0,0.514,1.6,2.3,3.9,0.2,0.2,1.1,0.9,1.7
236,Jeff Foster,IND,63,25.1,5.9,2.2,4.0,0.552,0.0,0.1,0.0,1.5,2.5,0.604,3.6,5.6,9.1,0.8,0.7,0.4,1.0,3.0
237,Viktor Khryapa,POR,69,21.6,5.8,2.3,5.0,0.462,0.1,0.4,0.333,1.1,1.6,0.694,1.7,2.8,4.4,1.3,0.7,0.4,1.2,3.0
238,Carlos Arroyo,ORL,77,15.5,5.8,2.2,4.9,0.444,0.1,0.3,0.35,1.4,1.8,0.774,0.4,1.3,1.7,3.0,0.5,0.1,1.1,1.5
239,Brent Barry,SAS,74,17.0,5.8,2.1,4.7,0.452,1.1,2.7,0.396,0.5,0.8,0.661,0.4,1.8,2.1,1.7,0.5,0.4,0.7,1.3
240,Lorenzen Wright,MEM,78,21.7,5.8,2.5,5.2,0.478,0.0,0.0,0.0,0.8,1.5,0.564,1.8,3.2,5.1,0.6,0.7,0.6,0.9,2.6
241,Travis Outlaw,POR,69,16.7,5.8,2.3,5.3,0.44,0.2,0.8,0.264,0.9,1.3,0.697,0.7,2.0,2.7,0.5,0.4,0.7,0.5,1.6
242,Shaun Livingston,LAC,61,25.0,5.8,2.4,5.7,0.427,0.0,0.1,0.125,0.9,1.3,0.688,0.7,2.3,3.0,4.5,0.8,0.5,1.8,2.6
243,Alan Anderson,CHA,36,15.7,5.8,2.1,5.0,0.414,0.7,1.6,0.414,0.9,1.1,0.805,0.6,1.3,1.9,0.9,0.3,0.1,0.9,1.3
244,David Harrison,IND,67,15.4,5.7,2.2,4.4,0.503,0.0,0.0,0.0,1.3,2.6,0.511,1.3,2.5,3.8,0.2,0.3,0.9,1.2,2.9
245,Erick Dampier,DAL,82,23.6,5.7,2.1,4.2,0.493,0.0,0.0,0.0,1.5,2.6,0.591,3.3,4.5,7.8,0.6,0.3,1.3,1.4,3.2
246,Reggie Evans,DEN,67,20.8,5.6,2.0,4.0,0.489,0.0,0.0,0.0,1.7,3.2,0.53,2.6,4.9,7.5,0.6,0.6,0.1,1.3,2.5
247,Francisco Garcia,SAC,67,19.4,5.6,1.9,4.9,0.4,0.6,2.0,0.285,1.2,1.5,0.772,0.6,2.2,2.8,1.4,0.6,0.7,1.1,2.0
248,Keith McLeod,UTA,66,18.7,5.6,1.8,5.2,0.353,0.4,1.2,0.293,1.6,2.0,0.797,0.2,1.0,1.2,2.3,0.6,0.1,1.2,2.0
249,Nick Van Exel,SAS,65,15.2,5.5,2.1,5.3,0.397,0.8,2.4,0.357,0.4,0.6,0.683,0.1,1.3,1.4,1.9,0.2,0.0,0.9,0.9
250,Jose Calderon,TOR,64,23.2,5.5,2.1,4.9,0.423,0.1,0.7,0.163,1.2,1.4,0.848,0.5,1.7,2.2,4.5,0.7,0.1,1.6,1.5
251,Eduardo Najera,DEN,64,22.6,5.4,2.0,4.7,0.422,0.1,0.2,0.333,1.4,1.8,0.781,2.0,3.1,5.1,0.8,0.8,0.5,0.8,2.6
252,Jeff McInnis,NJN,28,17.4,5.3,2.3,5.1,0.441,0.1,0.6,0.188,0.7,1.0,0.69,0.4,1.4,1.8,1.9,0.4,0.1,1.0,1.3
253,Jackie Butler,NYK,55,13.5,5.3,2.1,3.9,0.544,0.0,0.0,0.0,1.1,1.4,0.753,1.2,2.1,3.3,0.5,0.3,0.6,1.1,2.3
254,Jake Voskuhl,CHA,51,16.1,5.3,2.2,5.1,0.437,0.0,0.1,0.333,0.8,1.2,0.683,1.2,2.4,3.6,0.8,0.5,0.5,0.6,3.1
255,Tyson Chandler,CHI,79,26.8,5.3,2.0,3.6,0.565,0.0,0.0,0.0,1.2,2.4,0.503,3.4,5.7,9.0,1.0,0.5,1.3,1.6,3.8
256,Jarron Collins,UTA,79,21.9,5.3,1.6,3.5,0.461,0.0,0.0,0.0,2.0,2.8,0.717,1.7,2.5,4.2,1.2,0.5,0.3,0.8,3.2
257,Gerald Green,BOS,32,11.7,5.2,2.1,4.3,0.478,0.2,0.6,0.3,0.9,1.2,0.784,0.3,1.0,1.3,0.6,0.4,0.1,0.7,1.3
258,Kendrick Perkins,BOS,68,19.6,5.2,2.0,3.9,0.515,0.0,0.0,0.0,1.2,1.9,0.615,2.1,3.9,5.9,1.0,0.3,1.5,1.6,2.9
259,Johan Petro,SEA,68,18.9,5.2,2.3,4.4,0.51,0.0,0.0,0.0,0.7,1.1,0.627,1.6,2.8,4.4,0.2,0.4,0.8,0.9,3.1
260,Dan Gadzuric,MIL,74,12.0,5.2,2.3,4.2,0.553,0.0,0.0,0.0,0.6,1.2,0.461,1.2,1.9,3.1,0.3,0.3,0.6,0.5,2.3
261,David Lee,NYK,67,16.9,5.1,2.0,3.4,0.596,0.0,0.0,0.0,1.1,1.8,0.577,1.6,2.9,4.5,0.6,0.4,0.3,0.8,1.9
262,Robert Horry,SAS,63,18.8,5.1,1.8,4.6,0.384,0.8,2.3,0.368,0.7,1.1,0.647,1.1,2.7,3.8,1.3,0.7,0.8,0.7,1.8
263,Beno Udrih,SAS,54,10.8,5.1,2.0,4.3,0.455,0.4,1.3,0.343,0.7,0.9,0.78,0.3,0.6,1.0,1.7,0.3,0.0,1.0,1.0
264,Jake Tsakalidis,MEM,51,14.4,5.0,2.0,3.2,0.606,0.0,0.0,0.0,1.1,1.7,0.655,1.5,2.6,4.2,0.3,0.3,0.6,0.8,2.1
265,Maurice Evans,DET,80,14.2,5.0,1.9,4.3,0.452,0.5,1.5,0.371,0.7,0.8,0.8,1.0,1.1,2.0,0.8,0.5,0.2,0.5,1.5
266,Chris Andersen,NOP,32,17.8,5.0,1.8,3.1,0.571,0.0,0.0,0.0,1.5,3.2,0.476,1.9,2.9,4.8,0.2,0.3,1.3,0.8,2.6
267,Luke Walton,LAL,69,19.3,5.0,2.0,4.8,0.412,0.3,0.8,0.327,0.8,1.1,0.75,1.3,2.3,3.6,2.3,0.6,0.2,1.1,1.7
268,Jonathan Bender,IND,2,10.3,5.0,2.0,2.5,0.8,0.0,0.0,0.0,1.0,1.0,1.0,0.0,2.0,2.0,1.0,0.0,0.5,0.0,1.0
269,Michael Olowokandi,BOS,48,19.1,5.0,2.2,5.0,0.446,0.0,0.0,0.0,0.5,1.0,0.511,1.0,3.5,4.6,0.5,0.5,0.7,1.1,2.5
270,Pat Garrity,ORL,57,16.4,4.9,1.8,4.2,0.417,0.9,2.3,0.388,0.5,0.6,0.811,0.5,1.4,1.9,0.7,0.2,0.2,0.7,1.9
271,Malik Allen,CHI,54,13.0,4.9,2.2,4.6,0.49,0.0,0.0,1.0,0.4,0.7,0.605,0.8,1.8,2.6,0.4,0.3,0.3,0.6,1.7
272,Theo Ratliff,POR,55,23.7,4.9,2.0,3.4,0.571,0.0,0.0,0.0,1.0,1.5,0.651,1.6,3.5,5.1,0.5,0.3,1.6,0.9,2.6
273,Antonio Davis,TOR,44,21.4,4.9,1.9,4.3,0.432,0.0,0.0,0.0,1.2,1.8,0.642,2.0,2.7,4.7,0.5,0.5,0.2,1.2,2.8
274,Francisco Elson,DEN,72,21.9,4.9,2.1,3.9,0.532,0.0,0.1,0.2,0.7,1.0,0.662,1.4,3.3,4.7,0.7,0.8,0.6,0.9,2.9
275,Toni Kukoc,MIL,65,15.7,4.9,1.8,4.6,0.389,0.7,2.3,0.306,0.6,0.9,0.714,0.4,1.9,2.3,2.1,0.5,0.3,1.0,1.3
276,Darko Milicic,ORL,55,13.9,4.8,2.2,4.3,0.509,0.0,0.0,0.0,0.5,0.9,0.56,0.8,1.9,2.7,0.7,0.3,1.4,0.9,1.7
277,Othella Harrington,CHI,72,11.5,4.8,1.9,3.8,0.495,0.0,0.0,0.0,1.1,1.7,0.626,0.8,1.4,2.1,0.5,0.1,0.2,0.8,1.8
278,Jannero Pargo,CHI,57,11.3,4.8,1.9,5.1,0.373,0.7,1.8,0.379,0.3,0.4,0.81,0.1,0.9,1.1,1.6,0.4,0.0,1.1,1.0
279,Eric Snow,CLE,82,28.7,4.8,2.0,4.9,0.409,0.0,0.1,0.1,0.8,1.1,0.688,0.5,2.0,2.4,4.2,0.9,0.2,1.4,2.7
280,Etan Thomas,WAS,71,15.8,4.7,1.8,3.5,0.533,0.0,0.0,0.0,1.1,1.8,0.6,1.4,2.5,3.9,0.2,0.3,1.0,0.7,2.1
281,Quinton Ross,LAC,67,22.6,4.7,1.9,4.6,0.422,0.0,0.1,0.0,0.9,1.1,0.76,0.6,2.0,2.5,1.2,0.8,0.2,0.7,2.3
282,Aaron Williams,NOP,47,16.8,4.7,1.9,3.7,0.517,0.0,0.0,0.0,0.9,1.2,0.69,1.4,2.5,3.9,0.4,0.4,0.4,0.6,2.9
283,Gerald Fitch,MIA,18,13.2,4.7,1.7,4.9,0.337,0.4,1.4,0.269,0.9,1.3,0.739,0.4,1.3,1.7,1.8,0.4,0.3,0.8,1.6
284,Anderson Varejao,CLE,47,16.2,4.7,1.7,3.2,0.527,0.0,0.0,0.0,1.3,2.5,0.513,1.6,3.4,5.0,0.4,0.7,0.4,0.6,2.5
285,Zeljko Rebraca,LAC,29,14.2,4.7,1.8,3.3,0.542,0.0,0.0,0.0,1.1,1.4,0.756,0.4,1.8,2.2,0.3,0.2,0.7,0.8,2.0
286,Trevor Ariza,ORL,57,17.5,4.6,1.6,4.0,0.412,0.0,0.1,0.2,1.4,2.2,0.606,1.4,2.5,3.8,1.1,1.0,0.2,1.1,1.8
287,Andre Barrett,TOR,19,14.9,4.6,2.0,5.5,0.365,0.1,0.7,0.143,0.5,0.6,0.75,0.5,0.8,1.3,2.7,0.5,0.0,0.8,0.7
288,Eddie Griffin,MIN,70,19.4,4.6,1.9,5.3,0.351,0.2,1.2,0.195,0.6,1.1,0.595,1.5,4.0,5.6,0.6,0.2,2.1,0.6,1.8
289,Adrian Griffin,DAL,52,24.0,4.6,1.9,3.9,0.48,0.0,0.0,0.0,0.8,1.0,0.774,1.4,2.9,4.4,1.7,1.0,0.2,0.8,2.2
290,Sasha Pavlovic,CLE,53,15.3,4.5,1.6,4.0,0.41,0.7,1.8,0.365,0.6,0.9,0.653,0.3,1.2,1.5,0.5,0.4,0.1,0.8,1.9
291,Rasho Nesterovic,SAS,80,18.9,4.5,2.2,4.2,0.515,0.0,0.0,0.0,0.2,0.4,0.6,1.4,2.4,3.9,0.4,0.3,1.1,0.7,2.6
292,Justin Reed,MIN,72,13.8,4.5,1.7,4.1,0.403,0.0,0.0,0.0,1.2,1.7,0.725,0.7,1.0,1.7,0.6,0.3,0.2,0.7,2.3
293,Adonal Foyle,GSW,77,23.7,4.5,2.0,3.9,0.507,0.0,0.0,0.0,0.5,0.9,0.612,1.9,3.6,5.5,0.4,0.6,1.6,1.0,2.8
294,Malik Rose,NYK,72,15.5,4.4,1.5,3.9,0.374,0.0,0.0,1.0,1.5,1.9,0.781,1.2,2.4,3.6,0.9,0.6,0.2,1.1,2.0
295,Bostjan Nachbar,NJN,36,13.9,4.4,1.5,4.3,0.346,0.5,2.0,0.268,0.8,1.2,0.682,0.2,1.4,1.7,0.8,0.4,0.1,0.7,1.8
296,Anthony Grundy,ATL,12,9.0,4.3,1.6,3.2,0.5,0.4,1.3,0.333,0.8,1.2,0.643,0.1,1.3,1.4,0.8,0.6,0.0,0.8,1.2
297,Jiri Welsch,MIL,58,14.9,4.3,1.5,3.8,0.387,0.2,0.8,0.286,1.1,1.5,0.747,0.4,1.5,1.9,1.1,0.6,0.0,0.7,1.1
298,Jon Barry,HOU,20,17.1,4.3,1.3,3.3,0.385,0.6,1.6,0.375,1.2,1.5,0.828,0.1,1.5,1.6,1.3,0.7,0.1,1.1,1.3
299,Linton Johnson,NOP,36,14.6,4.3,1.7,4.1,0.409,0.4,1.0,0.361,0.5,0.8,0.667,1.1,2.3,3.4,0.4,0.3,0.3,0.8,1.7
300,Lee Nailon,PHI,22,10.8,4.2,1.8,3.6,0.5,0.0,0.0,0.0,0.6,0.7,0.867,1.0,0.9,1.9,0.3,0.4,0.2,0.5,1.5
301,Laron Profit,LAL,25,11.2,4.2,1.6,3.4,0.476,0.1,0.7,0.167,0.8,1.0,0.875,0.3,1.4,1.7,0.6,0.4,0.2,1.0,1.0
302,Hakim Warrick,MEM,68,10.7,4.1,1.5,3.4,0.443,0.0,0.0,0.0,1.1,1.7,0.661,0.6,1.5,2.1,0.4,0.2,0.3,0.8,1.7
303,Jason Kapono,MIA,51,13.0,4.1,1.5,3.5,0.446,0.4,1.0,0.396,0.5,0.6,0.848,0.2,1.2,1.4,0.7,0.1,0.1,0.4,1.7
304,Dahntay Jones,MEM,71,13.6,4.0,1.5,3.7,0.414,0.0,0.3,0.143,0.8,1.3,0.645,0.3,1.2,1.5,0.5,0.5,0.2,0.7,1.5
305,Sasha Vujacic,LAL,82,17.7,3.9,1.3,3.8,0.346,0.7,2.1,0.343,0.6,0.6,0.885,0.4,1.5,1.9,1.7,0.6,0.0,0.6,1.8
306,Travis Diener,ORL,23,10.7,3.8,1.3,3.0,0.42,1.1,2.5,0.439,0.2,0.3,0.833,0.2,0.7,0.9,0.7,0.3,0.0,0.4,1.0
307,Daniel Ewing,LAC,66,14.7,3.8,1.5,3.9,0.38,0.3,1.2,0.282,0.5,0.7,0.783,0.3,0.9,1.3,1.3,0.6,0.1,0.9,1.3
308,Charles Cornelius Smith,DEN,21,10.0,3.8,1.4,3.4,0.417,0.7,1.8,0.395,0.2,0.4,0.625,0.1,0.6,0.8,0.4,0.2,0.3,0.2,1.3
309,Andris Biedrins,GSW,68,14.7,3.8,1.7,2.7,0.638,0.0,0.0,0.0,0.3,1.1,0.306,1.8,2.3,4.2,0.4,0.3,0.7,0.5,2.8
310,Danny Fortson,SEA,23,12.0,3.8,1.2,2.2,0.529,0.0,0.0,0.0,1.4,1.9,0.767,1.3,2.0,3.4,0.1,0.2,0.1,1.1,3.3
311,Scot Pollard,IND,45,17.1,3.8,1.6,3.4,0.455,0.0,0.0,0.0,0.6,0.8,0.763,1.6,3.2,4.8,0.5,0.8,0.4,0.6,2.6
312,Doug Christie,DAL,7,26.5,3.7,1.3,3.7,0.346,0.0,0.1,0.0,1.1,1.7,0.667,0.3,1.6,1.9,2.0,1.3,0.1,0.9,1.4
313,Chuck Hayes,HOU,40,13.4,3.7,1.5,2.6,0.562,0.0,0.0,0.0,0.7,1.1,0.644,1.7,2.8,4.5,0.4,0.7,0.4,0.3,1.9
314,Carlos Delfino,DET,68,10.7,3.6,1.3,3.3,0.403,0.3,0.9,0.333,0.7,1.0,0.672,0.4,1.3,1.7,0.6,0.3,0.2,0.5,1.3
315,Kelvin Cato,DET,27,12.3,3.6,1.3,3.1,0.429,0.0,0.0,0.0,1.0,1.3,0.743,0.7,1.9,2.6,0.1,0.2,0.4,0.7,1.9
316,Will Bynum,GSW,15,10.8,3.6,1.4,3.5,0.404,0.1,0.6,0.222,0.7,1.1,0.625,0.2,0.6,0.8,1.3,0.5,0.0,0.9,0.7
317,Jason Collins,NJN,71,26.7,3.6,1.5,3.7,0.397,0.0,0.2,0.25,0.6,1.2,0.512,1.3,3.5,4.8,1.0,0.6,0.6,0.9,3.5
318,Royal Ivey,ATL,73,13.4,3.6,1.6,3.6,0.439,0.1,0.1,0.4,0.3,0.5,0.727,0.4,0.9,1.3,1.0,0.3,0.1,0.3,2.0
319,Pape Sow,TOR,42,14.0,3.5,1.3,2.9,0.431,0.0,0.0,0.0,1.0,1.4,0.719,1.3,2.2,3.5,0.2,0.5,0.5,0.7,2.8
320,Linas Kleiza,DEN,61,8.5,3.5,1.3,2.8,0.445,0.0,0.2,0.154,0.9,1.3,0.704,0.6,1.3,1.9,0.2,0.2,0.2,0.3,1.4
321,Zoran Planinic,NJN,55,10.8,3.5,1.2,3.3,0.361,0.2,1.0,0.232,0.8,1.2,0.697,0.3,1.1,1.3,1.0,0.4,0.1,0.8,1.7
322,Brian Cardinal,MEM,36,11.1,3.4,1.3,3.1,0.414,0.4,0.8,0.448,0.5,0.8,0.704,0.3,1.2,1.5,0.9,0.6,0.0,0.8,1.8
323,James Singleton,LAC,59,12.8,3.4,1.3,2.6,0.51,0.2,0.3,0.5,0.7,0.8,0.78,1.1,2.3,3.3,0.5,0.3,0.4,0.5,1.6
324,Lamond Murray,NJN,57,10.1,3.4,1.3,3.2,0.398,0.5,1.4,0.346,0.4,0.7,0.625,0.5,1.8,2.3,0.2,0.3,0.1,0.4,1.2
325,C.J. Miles,UTA,23,8.8,3.4,1.2,3.3,0.368,0.2,0.9,0.25,0.8,1.0,0.75,0.8,0.9,1.7,0.7,0.3,0.1,0.4,0.9
326,Jacque Vaughn,NJN,80,15.4,3.4,1.3,3.1,0.437,0.0,0.1,0.167,0.7,1.0,0.728,0.2,0.9,1.1,1.5,0.5,0.0,0.7,1.8
327,Corliss Williamson,SAC,37,9.8,3.4,1.2,2.8,0.417,0.1,0.1,1.0,1.0,1.3,0.776,0.6,1.2,1.8,0.4,0.2,0.1,0.8,1.5
328,Scott Padgett,NJN,62,11.6,3.4,1.1,3.2,0.353,0.7,2.0,0.347,0.4,0.5,0.794,0.9,1.8,2.7,0.7,0.5,0.2,0.3,1.5
329,Wayne Simien,MIA,43,9.6,3.4,1.3,2.8,0.483,0.0,0.0,0.0,0.7,0.8,0.882,0.9,1.2,2.0,0.2,0.3,0.0,0.6,1.6
330,Vin Baker,LAC,8,10.6,3.4,0.9,1.9,0.467,0.0,0.0,0.0,1.6,2.3,0.722,0.3,2.1,2.4,0.5,0.5,0.5,1.1,1.6
331,Pat Burke,PHX,42,8.2,3.4,1.5,3.0,0.496,0.0,0.2,0.286,0.3,0.5,0.619,0.5,1.2,1.7,0.4,0.1,0.3,0.8,1.5
332,Anthony Carter,MIN,45,13.1,3.3,1.2,3.0,0.387,0.1,0.3,0.267,0.9,1.2,0.727,0.2,1.2,1.4,2.2,0.5,0.2,0.9,1.6
333,Zarko Cabarkapa,GSW,60,8.4,3.3,1.1,2.9,0.385,0.1,0.3,0.25,1.0,1.4,0.714,0.6,1.2,1.9,0.3,0.2,0.1,0.6,1.5
334,Jason Hart,SAC,66,12.4,3.3,1.3,3.3,0.389,0.1,0.5,0.29,0.6,0.8,0.661,0.2,0.9,1.1,1.1,0.5,0.1,0.7,1.3
335,Mikki Moore,SEA,47,12.4,3.3,1.1,2.6,0.435,0.0,0.0,0.0,1.0,1.3,0.742,0.9,1.8,2.8,0.6,0.1,0.3,0.9,2.0
336,Richie Frahm,HOU,33,10.4,3.3,1.2,3.0,0.39,0.7,2.1,0.329,0.2,0.3,0.7,0.1,0.9,1.0,0.6,0.1,0.1,0.2,0.9
337,Dan Dickau,BOS,19,12.3,3.3,0.9,2.4,0.37,0.5,1.1,0.5,0.9,0.9,1.0,0.3,0.6,0.8,2.1,0.6,0.1,0.9,2.1
338,Eric Williams,TOR,28,12.6,3.3,1.0,2.7,0.387,0.2,0.6,0.278,1.0,1.4,0.737,0.4,1.4,1.8,0.5,0.3,0.1,0.5,2.0
339,Sean Marks,SAS,25,7.2,3.2,1.5,2.8,0.521,0.0,0.1,0.0,0.3,0.5,0.583,0.5,1.2,1.7,0.3,0.2,0.3,0.3,0.8
340,Orien Greene,BOS,80,15.4,3.2,1.3,3.2,0.395,0.1,0.5,0.225,0.6,0.9,0.662,0.5,1.4,1.8,1.6,1.0,0.1,1.4,2.3
341,Michael Doleac,MIA,31,12.0,3.2,1.2,2.8,0.42,0.0,0.0,0.0,0.8,1.0,0.8,0.7,2.0,2.7,0.3,0.3,0.2,0.5,1.5
342,Howard Eisley,DEN,32,12.3,3.2,1.1,3.2,0.33,0.4,1.3,0.31,0.6,0.8,0.833,0.1,0.9,1.0,2.2,0.3,0.1,0.7,1.1
343,Matt Barnes,PHI,56,11.2,3.1,1.3,2.5,0.5,0.1,0.3,0.2,0.6,0.8,0.681,0.9,1.3,2.2,0.5,0.4,0.1,0.5,1.8
344,Jerome James,NYK,44,9.2,3.1,1.3,2.8,0.463,0.0,0.0,0.0,0.6,0.9,0.625,0.9,1.2,2.1,0.3,0.1,0.5,1.2,2.4
345,Rawle Marshall,DAL,23,10.5,3.1,1.0,2.6,0.4,0.0,0.1,0.333,1.0,1.3,0.759,0.3,1.0,1.3,0.4,0.3,0.3,0.7,0.7
346,Kris Humphries,UTA,62,10.0,3.0,1.2,3.3,0.379,0.0,0.1,0.0,0.5,1.0,0.523,0.9,1.6,2.5,0.5,0.4,0.3,0.5,1.3
347,Jim Jackson,LAL,40,12.8,3.0,1.2,4.0,0.294,0.5,1.9,0.243,0.2,0.3,0.692,0.3,1.6,1.9,0.9,0.3,0.2,0.9,1.3
348,Andre Owens,UTA,23,9.1,3.0,1.2,3.2,0.365,0.1,0.7,0.188,0.5,0.8,0.667,0.5,0.4,0.9,0.3,0.2,0.0,0.6,1.1
349,Pavel Podkolzin,DAL,1,18.1,3.0,0.0,2.0,0.0,0.0,0.0,0.0,3.0,6.0,0.5,0.0,7.0,7.0,0.0,0.0,1.0,2.0,0.0
350,Josh Powell,DAL,37,11.6,3.0,1.0,2.2,0.457,0.0,0.0,0.0,1.0,1.2,0.8,0.8,1.4,2.2,0.2,0.2,0.1,0.6,1.4
351,Sergei Monia,SAC,26,13.2,3.0,1.1,3.3,0.333,0.3,1.3,0.265,0.4,0.5,0.714,0.4,1.6,2.0,0.7,0.3,0.2,0.5,1.6
352,Brian Skinner,POR,65,14.5,2.9,1.3,2.5,0.513,0.0,0.0,0.0,0.4,0.9,0.482,1.2,2.3,3.5,0.5,0.4,0.7,0.7,1.8
353,Brian Grant,PHX,21,11.8,2.9,1.3,3.1,0.415,0.0,0.0,0.0,0.3,0.4,0.875,0.5,2.2,2.7,0.3,0.2,0.1,0.3,2.1
354,Lindsey Hunter,DET,30,11.8,2.9,1.2,3.3,0.37,0.4,1.4,0.256,0.1,0.1,0.5,0.3,1.0,1.3,2.1,0.6,0.0,0.7,1.5
355,Dorell Wright,MIA,20,6.6,2.9,1.0,2.2,0.465,0.2,0.3,0.5,0.8,0.9,0.882,0.1,1.5,1.6,0.4,0.2,0.1,0.7,0.6
356,Brian Scalabrine,BOS,71,13.2,2.9,1.0,2.7,0.383,0.4,1.2,0.356,0.4,0.5,0.722,0.4,1.2,1.6,0.7,0.3,0.3,0.7,1.8
357,Lonny Baxter,CHA,41,9.8,2.9,1.1,2.5,0.433,0.0,0.0,0.0,0.7,0.9,0.8,1.1,1.8,2.9,0.1,0.3,0.2,0.5,1.4
358,Mario Kasun,ORL,28,7.6,2.9,1.1,2.5,0.449,0.0,0.0,0.0,0.6,0.8,0.783,0.9,1.3,2.1,0.1,0.1,0.1,0.5,2.5
359,Dijon Thompson,PHX,10,4.3,2.8,1.1,2.5,0.44,0.4,1.1,0.364,0.2,0.2,1.0,0.4,0.7,1.1,0.1,0.3,0.1,0.2,0.6
360,Moochie Norris,NOP,45,9.4,2.8,1.0,2.5,0.411,0.1,0.3,0.286,0.6,0.9,0.69,0.3,0.9,1.2,1.1,0.4,0.0,0.7,1.1
361,Chris Taft,GSW,17,8.5,2.8,1.4,2.2,0.605,0.0,0.0,0.0,0.1,0.4,0.167,1.1,1.0,2.1,0.1,0.1,0.4,0.1,1.5
362,Ime Udoka,NYK,8,14.3,2.8,1.1,3.0,0.375,0.1,0.4,0.333,0.4,0.8,0.5,0.4,1.8,2.1,0.8,0.1,0.0,0.3,1.0
363,Donell Taylor,WAS,51,9.1,2.7,1.0,2.7,0.39,0.1,0.3,0.235,0.6,0.8,0.698,0.3,0.7,1.0,0.9,0.6,0.1,0.7,0.9
364,Kevin Ollie,PHI,70,15.3,2.7,1.1,2.5,0.431,0.0,0.0,0.333,0.6,0.7,0.837,0.2,1.2,1.4,1.4,0.5,0.0,0.4,1.5
365,Luke Jackson,CLE,35,9.0,2.7,0.8,2.4,0.341,0.3,1.0,0.333,0.7,0.9,0.788,0.5,0.7,1.1,0.7,0.3,0.1,0.9,0.9
366,Mateen Cleaves,SEA,27,8.5,2.7,0.9,2.6,0.352,0.1,0.6,0.25,0.7,0.9,0.792,0.1,0.4,0.5,1.6,0.1,0.1,0.5,1.1
367,Dikembe Mutombo,HOU,64,14.9,2.6,0.8,1.5,0.526,0.0,0.0,0.0,1.1,1.4,0.758,1.6,3.2,4.8,0.1,0.3,0.9,0.5,2.0
368,Stephen Graham,CLE,22,7.9,2.6,1.0,2.5,0.389,0.1,0.5,0.2,0.6,0.7,0.933,0.2,1.0,1.2,0.3,0.2,0.1,0.6,1.4
369,Shandon Anderson,MIA,48,13.3,2.6,1.1,2.6,0.429,0.1,0.4,0.263,0.3,0.4,0.722,0.4,1.3,1.7,0.6,0.4,0.1,0.5,1.6
370,Melvin Sanders,SAS,16,7.0,2.6,1.0,2.1,0.485,0.1,0.2,0.667,0.4,0.6,0.7,0.3,1.2,1.4,0.2,0.3,0.0,0.5,1.3
371,Darrick Martin,TOR,40,8.5,2.6,0.9,2.4,0.351,0.4,1.0,0.4,0.5,0.6,0.75,0.1,0.5,0.5,1.4,0.4,0.0,0.4,1.1
372,Vitaly Potapenko,SAC,33,10.7,2.5,1.1,2.2,0.521,0.0,0.0,0.0,0.3,0.5,0.588,0.8,1.1,1.9,0.3,0.1,0.1,0.5,1.5
373,Penny Hardaway,NYK,4,17.9,2.5,1.0,3.5,0.286,0.0,0.3,0.0,0.5,0.5,1.0,0.0,2.5,2.5,2.0,0.5,0.0,1.5,1.8
374,Alan Henderson,CLE,51,10.4,2.5,0.9,1.8,0.516,0.0,0.0,0.0,0.6,1.0,0.673,1.2,1.5,2.7,0.2,0.2,0.2,0.4,1.1
375,Walter McCarty,LAC,36,9.8,2.4,0.9,2.8,0.333,0.3,1.3,0.222,0.3,0.6,0.571,0.4,1.5,1.9,0.6,0.2,0.1,0.5,1.4
376,Greg Ostertag,UTA,60,13.5,2.4,1.0,2.1,0.492,0.0,0.0,0.0,0.4,0.8,0.5,1.4,2.4,3.8,1.0,0.1,1.1,0.8,2.2
377,DeSagana Diop,DAL,81,18.6,2.3,0.9,1.9,0.487,0.0,0.0,0.5,0.5,0.9,0.542,1.8,2.8,4.6,0.3,0.5,1.8,0.4,3.1
378,Brandon Bass,NOP,29,9.2,2.3,1.0,2.4,0.4,0.0,0.0,0.0,0.4,0.7,0.632,0.6,1.7,2.3,0.1,0.1,0.2,0.4,0.6
379,Bo Outlaw,ORL,32,11.1,2.3,1.1,1.8,0.603,0.0,0.0,0.0,0.2,0.3,0.625,1.0,1.4,2.4,0.4,0.3,0.4,0.5,1.6
380,Babby Araujo,TOR,52,11.6,2.3,1.0,2.8,0.366,0.0,0.0,0.0,0.3,0.5,0.536,0.8,1.9,2.8,0.3,0.5,0.1,0.8,2.0
381,Arvydas Macijauskas,NOP,19,7.1,2.3,0.7,2.2,0.341,0.2,0.6,0.25,0.7,0.8,0.867,0.2,0.4,0.5,0.3,0.4,0.0,0.4,0.5
382,Jason Maxiell,DET,26,6.1,2.3,0.9,2.1,0.426,0.0,0.0,0.0,0.5,1.6,0.333,0.5,0.6,1.1,0.1,0.2,0.2,0.4,0.5
383,John Lucas,HOU,13,8.2,2.3,1.1,2.8,0.389,0.2,0.7,0.222,0.0,0.0,0.0,0.2,0.2,0.4,0.9,0.4,0.0,0.5,0.5
384,Shavlik Randolph,PHI,57,8.5,2.3,0.8,1.7,0.454,0.0,0.0,0.0,0.8,1.2,0.606,1.0,1.4,2.3,0.3,0.3,0.2,0.4,1.5
385,Loren Woods,TOR,27,12.0,2.3,1.0,2.2,0.475,0.0,0.0,0.0,0.2,0.5,0.429,1.6,2.4,4.1,0.1,0.3,0.9,0.6,1.8
386,Boniface Ndong,LAC,22,6.9,2.3,1.0,2.4,0.415,0.0,0.0,0.0,0.3,0.4,0.667,0.7,1.0,1.7,0.3,0.1,0.2,0.3,1.0
387,Andray Blatche,WAS,29,6.1,2.2,0.9,2.3,0.388,0.1,0.4,0.231,0.3,0.4,0.833,0.4,0.9,1.3,0.3,0.2,0.2,0.4,1.2
388,Billy Thomas,WAS,17,7.7,2.2,0.8,2.4,0.325,0.6,1.8,0.333,0.1,0.1,1.0,0.3,0.5,0.8,0.5,0.6,0.1,0.4,1.1
389,Ronald Dupree,MIN,36,7.4,2.2,0.9,1.8,0.524,0.0,0.0,0.0,0.4,1.1,0.341,0.6,0.8,1.4,0.4,0.3,0.0,0.4,1.2
390,Calbert Cheaney,GSW,42,10.7,2.2,1.0,2.6,0.389,0.0,0.2,0.0,0.2,0.2,1.0,0.5,1.0,1.5,0.5,0.3,0.0,0.4,0.9
391,Anthony Roberson,MEM,16,5.5,2.2,0.9,1.9,0.452,0.3,0.6,0.5,0.1,0.1,1.0,0.0,0.4,0.4,0.3,0.1,0.0,0.2,0.4
392,Zendon Hamilton,PHI,12,4.0,2.2,0.6,1.2,0.5,0.0,0.0,0.0,1.0,1.5,0.667,0.3,0.7,0.9,0.0,0.3,0.0,0.5,0.4
393,Robert Whaley,UTA,23,9.2,2.1,1.0,2.5,0.404,0.0,0.0,0.0,0.1,0.3,0.5,0.7,1.2,1.9,0.7,0.3,0.3,0.6,1.8
394,Nikoloz Tskitishvili,PHX,17,5.8,2.1,0.8,2.2,0.351,0.1,0.2,0.333,0.5,0.8,0.643,0.5,0.8,1.3,0.2,0.1,0.1,0.4,0.5
395,Darrell Armstrong,DAL,62,10.0,2.1,0.7,2.1,0.336,0.2,0.8,0.229,0.5,0.7,0.786,0.3,1.0,1.3,1.4,0.4,0.0,0.9,1.1
396,Ronnie Price,SAC,29,5.2,2.1,0.7,2.0,0.362,0.2,0.9,0.222,0.4,0.4,1.0,0.2,0.3,0.5,0.4,0.2,0.0,0.3,0.3
397,Eddie Basden,CHI,19,7.4,2.1,0.8,1.9,0.405,0.1,0.4,0.143,0.4,0.5,0.8,0.4,1.1,1.5,0.4,0.5,0.1,0.5,0.9
398,Eric Piatkowski,CHI,29,7.9,2.0,0.8,2.1,0.393,0.3,1.1,0.273,0.1,0.2,0.4,0.1,0.7,0.8,0.4,0.2,0.0,0.4,0.7
399,Rick Brunson,HOU,27,9.1,2.0,0.8,2.0,0.389,0.2,0.5,0.385,0.3,0.4,0.583,0.0,0.8,0.8,1.3,0.3,0.0,0.8,0.8
400,Derrick Zimmerman,NJN,2,15.9,2.0,1.0,1.5,0.667,0.0,0.0,0.0,0.0,0.0,0.0,0.5,1.5,2.0,3.5,0.0,0.0,2.0,2.0
401,Antonio Burks,MEM,57,10.0,2.0,0.9,2.5,0.354,0.0,0.1,0.167,0.2,0.4,0.435,0.1,0.6,0.6,1.3,0.4,0.0,0.6,0.8
402,Stacey Augmon,ORL,36,10.7,2.0,0.7,2.0,0.342,0.0,0.0,0.0,0.6,0.8,0.7,0.5,1.0,1.5,0.6,0.3,0.2,0.3,1.1
403,Ronny Turiaf,LAL,23,7.0,2.0,0.7,1.3,0.5,0.0,0.0,0.0,0.7,1.2,0.556,0.5,1.1,1.6,0.3,0.1,0.4,0.3,1.3
404,Mike Wilks,SEA,46,7.6,1.9,0.6,2.0,0.322,0.1,0.4,0.158,0.5,0.9,0.61,0.2,0.7,0.8,0.7,0.3,0.0,0.5,0.7
405,Lou Williams,PHI,30,4.8,1.9,0.8,1.7,0.442,0.1,0.3,0.222,0.3,0.4,0.615,0.1,0.5,0.6,0.3,0.2,0.0,0.4,0.4
406,Luke Schenscher,CHI,20,7.4,1.8,0.8,1.3,0.615,0.0,0.0,0.0,0.2,0.7,0.308,0.4,1.1,1.5,0.4,0.1,0.2,0.3,1.1
407,Alex Acker,DET,5,7.0,1.8,0.8,3.2,0.25,0.2,1.0,0.2,0.0,0.0,0.0,0.2,0.8,1.0,0.8,0.2,0.0,0.8,0.8
408,Kevin Burleson,CHA,39,8.7,1.8,0.6,2.3,0.25,0.3,1.4,0.185,0.4,0.4,0.941,0.1,0.6,0.7,1.2,0.7,0.1,0.6,1.6
409,Antoine Wright,NJN,39,9.5,1.8,0.7,2.1,0.358,0.0,0.4,0.067,0.3,0.6,0.5,0.2,0.6,0.8,0.3,0.1,0.1,0.5,1.1
410,Jackson Vroman,NOP,41,9.9,1.8,0.6,1.6,0.394,0.0,0.0,0.0,0.5,1.1,0.477,0.8,1.3,2.1,0.3,0.3,0.3,0.5,1.9
411,John Edwards,ATL,40,7.4,1.8,0.8,1.6,0.484,0.0,0.0,0.0,0.2,0.3,0.727,0.5,0.8,1.2,0.1,0.1,0.4,0.3,1.9
412,Fabricio Oberto,SAS,59,8.3,1.7,0.7,1.6,0.473,0.0,0.0,0.0,0.3,0.5,0.556,1.0,1.1,2.1,0.5,0.2,0.2,0.5,1.5
413,Esteban Batista,ATL,58,8.6,1.7,0.6,1.4,0.425,0.0,0.0,0.0,0.6,0.9,0.623,1.1,1.4,2.5,0.1,0.3,0.2,0.7,1.9
414,D.J. Mbenga,DAL,43,5.5,1.7,0.7,1.4,0.533,0.0,0.0,0.0,0.2,0.5,0.5,0.4,0.9,1.3,0.0,0.1,0.6,0.4,1.1
415,Awvee Storey,WAS,25,4.7,1.7,0.6,1.6,0.39,0.1,0.3,0.429,0.3,0.6,0.571,0.3,0.6,0.9,0.2,0.1,0.0,0.2,0.9
416,Donta Smith,ATL,23,5.5,1.7,0.7,1.2,0.556,0.1,0.2,0.5,0.3,0.5,0.5,0.1,0.5,0.6,0.4,0.3,0.0,0.2,0.9
417,Ha Seung-Jin,POR,27,7.8,1.6,0.7,1.1,0.581,0.0,0.0,0.0,0.3,0.6,0.471,0.5,1.3,1.8,0.0,0.1,0.3,0.5,1.5
418,Earl Barron,MIA,8,5.6,1.6,0.6,2.0,0.313,0.0,0.0,0.0,0.4,0.5,0.75,0.3,1.0,1.3,0.0,0.0,0.0,0.6,1.3
419,Andrew Bynum,LAL,46,7.3,1.6,0.7,1.8,0.402,0.0,0.0,0.0,0.2,0.6,0.296,0.7,1.0,1.7,0.2,0.1,0.5,0.4,1.2
420,Terence Morris,ORL,22,8.7,1.6,0.7,2.2,0.327,0.0,0.1,0.0,0.1,0.1,1.0,0.3,1.5,1.7,0.2,0.3,0.2,0.3,0.9
421,Lawrence Roberts,MEM,33,5.5,1.5,0.6,1.3,0.455,0.0,0.1,0.0,0.3,0.7,0.478,0.8,0.7,1.5,0.2,0.2,0.1,0.2,0.9
422,Noel Felix,SEA,12,6.8,1.5,0.5,2.1,0.24,0.1,0.3,0.333,0.4,0.7,0.625,0.3,0.8,1.1,0.2,0.2,0.3,0.7,1.1
423,Michael Bradley,PHI,46,8.0,1.5,0.7,1.7,0.405,0.0,0.1,0.2,0.0,0.1,0.667,0.9,1.5,2.3,0.4,0.1,0.2,0.4,0.8
424,Calvin Booth,WAS,33,7.6,1.4,0.6,1.4,0.426,0.0,0.1,0.5,0.2,0.3,0.556,0.6,1.0,1.6,0.4,0.3,0.3,0.2,1.3
425,Michael Ruffin,WAS,76,13.3,1.4,0.4,1.0,0.442,0.0,0.0,0.0,0.5,1.0,0.5,1.6,2.0,3.6,0.4,0.4,0.4,0.5,2.4
426,Ira Newble,CLE,36,9.8,1.3,0.5,1.6,0.298,0.1,0.4,0.231,0.3,0.4,0.688,0.6,1.0,1.6,0.3,0.1,0.3,0.3,1.3
427,Sharrod Ford,PHX,3,4.3,1.3,0.7,1.0,0.667,0.0,0.0,0.0,0.0,0.0,0.0,0.3,0.7,1.0,0.0,0.0,0.3,0.7,2.3
428,Ryan Bowen,HOU,68,9.6,1.3,0.5,1.8,0.298,0.0,0.3,0.136,0.2,0.2,0.786,0.5,0.8,1.3,0.4,0.3,0.1,0.2,1.3
429,James Thomas,CHI,22,6.8,1.3,0.5,0.9,0.526,0.0,0.0,0.0,0.4,0.6,0.571,0.5,1.2,1.8,0.0,0.0,0.1,0.3,1.6
430,Von Wafer,LAL,16,4.6,1.3,0.4,2.4,0.158,0.1,1.1,0.118,0.4,0.5,0.75,0.3,0.2,0.5,0.3,0.2,0.0,0.1,0.8
431,Mark Madsen,MIN,62,10.9,1.2,0.4,1.1,0.409,0.0,0.1,0.0,0.3,0.8,0.426,0.8,1.5,2.3,0.2,0.4,0.3,0.4,1.8
432,Jermaine Jackson,MIL,30,6.7,1.2,0.4,0.9,0.423,0.0,0.1,0.25,0.4,0.5,0.857,0.3,0.6,0.9,0.8,0.1,0.0,0.4,0.6
433,Eddie Gill,IND,40,3.1,1.1,0.3,1.1,0.222,0.2,0.6,0.304,0.5,0.6,0.783,0.0,0.4,0.4,0.3,0.3,0.0,0.2,0.3
434,Yaroslav Korolev,LAC,24,5.3,1.1,0.4,1.3,0.3,0.1,0.3,0.286,0.3,0.4,0.7,0.2,0.3,0.5,0.4,0.1,0.0,0.3,0.5
435,Reece Gaines,MIL,12,4.5,1.1,0.5,1.0,0.5,0.0,0.2,0.0,0.1,0.3,0.25,0.0,0.0,0.0,0.3,0.1,0.0,0.1,0.1
436,Dwayne Jones,BOS,14,6.2,1.0,0.3,0.7,0.4,0.0,0.0,0.0,0.4,0.9,0.462,0.7,1.5,2.2,0.1,0.1,0.2,0.2,1.0
437,Josh Davis,PHX,6,2.8,1.0,0.3,1.2,0.286,0.0,0.3,0.0,0.3,0.5,0.667,0.5,0.2,0.7,0.2,0.3,0.0,0.2,0.5
438,Slava Medvedenko,LAL,2,3.1,1.0,0.5,1.0,0.5,0.0,0.0,0.0,0.0,0.0,0.0,0.0,0.0,0.0,0.5,0.0,0.0,0.0,0.5
439,Alvin Williams,TOR,1,9.8,1.0,0.0,3.0,0.0,0.0,2.0,0.0,1.0,2.0,0.5,0.0,3.0,3.0,0.0,0.0,0.0,0.0,0.0
440,Matt Walsh,MIA,2,1.7,1.0,0.5,0.5,1.0,0.0,0.0,0.0,0.0,1.0,0.0,0.0,0.0,0.0,0.0,0.0,0.0,0.5,0.0
441,John Thomas,NJN,16,8.0,0.9,0.4,0.9,0.4,0.0,0.0,0.0,0.2,0.3,0.75,0.6,0.6,1.3,0.1,0.2,0.1,0.5,1.1
442,Dale Davis,DET,28,6.3,0.9,0.3,0.9,0.375,0.0,0.0,0.0,0.3,0.5,0.533,0.8,1.1,1.9,0.2,0.0,0.3,0.1,0.8
443,Julius Hodge,DEN,14,2.4,0.9,0.4,0.9,0.385,0.0,0.0,0.0,0.2,0.6,0.375,0.4,0.1,0.5,0.4,0.1,0.0,0.6,0.5
444,Devin Green,LAL,27,5.0,0.9,0.2,1.0,0.214,0.0,0.1,0.0,0.5,0.8,0.619,0.4,0.5,0.9,0.3,0.1,0.0,0.2,0.5
445,Aaron Miles,GSW,19,6.2,0.8,0.3,0.9,0.333,0.0,0.0,0.0,0.2,0.2,1.0,0.0,0.7,0.7,1.3,0.2,0.1,0.6,0.7
446,Jamal Sampson,SAC,12,3.2,0.8,0.4,0.6,0.714,0.0,0.0,0.0,0.0,0.2,0.0,0.4,1.1,1.5,0.4,0.0,0.3,0.0,0.4
447,Ervin Johnson,MIL,18,4.5,0.8,0.4,0.9,0.412,0.0,0.0,0.0,0.1,0.1,0.5,0.3,1.1,1.3,0.1,0.1,0.1,0.3,1.3
448,Maciej Lampe,HOU,6,4.6,0.7,0.3,1.8,0.182,0.0,0.0,0.0,0.0,0.3,0.0,0.7,0.8,1.5,0.3,0.0,0.0,0.5,0.3
449,Anthony Goldwire,LAC,3,7.3,0.7,0.3,2.3,0.143,0.0,0.7,0.0,0.0,0.0,0.0,0.0,0.3,0.3,0.7,0.0,0.0,0.3,0.0
450,Aaron McKie,LAL,14,8.7,0.5,0.2,0.9,0.25,0.0,0.1,0.0,0.1,0.1,0.5,0.2,1.2,1.4,0.8,0.4,0.0,0.1,0.5
451,Raed Farid Elhamali,CHI,4,2.6,0.5,0.3,0.3,1.0,0.0,0.0,0.0,0.0,0.0,0.0,0.3,0.0,0.3,0.0,0.0,0.0,0.0,0.5
452,Samaki Walker,IND,7,3.1,0.3,0.0,0.3,0.0,0.0,0.0,0.0,0.3,0.3,1.0,0.0,0.4,0.4,0.0,0.0,0.1,0.3,1.0
453,Martynas Andriuskevicius,CLE,6,1.6,0.0,0.0,0.2,0.0,0.0,0.0,0.0,0.0,0.0,0.0,0.2,0.5,0.7,0.0,0.3,0.0,0.0,0.2
454,Bryon Russell,DEN,1,2.6,0.0,0.0,0.0,0.0,0.0,0.0,0.0,0.0,0.0,0.0,0.0,1.0,1.0,1.0,0.0,0.0,0.0,0.0
455,Alex Scales,SAS,1,0.2,0.0,0.0,0.0,0.0,0.0,0.0,0.0,0.0,0.0,0.0,0.0,0.0,0.0,0.0,0.0,0.0,0.0,0.0
456,Deng Gai,PHI,2,2.4,0.0,0.0,0.0,0.0,0.0,0.0,0.0,0.0,0.0,0.0,0.0,0.0,0.0,0.0,0.0,0.0,0.0,0.0
457,Randy Livingston,CHI,5,4.5,0.0,0.0,0.4,0.0,0.0,0.0,0.0,0.0,0.0,0.0,0.2,0.6,0.8,0.2,0.2,0.0,0.2,1.2
458,Maybyner Nene,DEN,1,2.6,0.0,0.0,1.0,0.0,0.0,0.0,0.0,0.0,0.0,0.0,0.0,0.0,0.0,0.0,0.0,0.0,2.0,1.0
