PLAYER,TEAM,AGE,GAMES_PLAYED,WINS,LOSES,MINUTES_PLAYED,POINTS,FIELD_GOALS,FIELD_GOALS_ATTEMPTS,FIELD_GOALS%,3POINTERS,3POINTERS_ATTEMPTS,3POINTERS%,FREE_THROWS,FREE_THROWS_ATTEMPTS,FREE_THROWS%,OFFENSIVE_REBOUNDS,DEFENSIVE_REBOUNDS,TOTAL_REBOUNDS,ASSISTS,TURNOVERS,STEALS,BLOCKS,PERSONAL_FOULS,FANTASY_POINTS,DOUBLE_DOUBLES,TRIPLE_DOUBLES,+/-
Tyler Dorsey,DAL,27,3,2,1,8.3,1.09,0.48,0.61,80.0,0.12,0.24,50.0,0.00,0.00,0.0,0.12,0.12,0.24,0.00,0.00,0.00,0.00,0.00,1.38,0.00,0.00,0.24
Giannis Antetokounmpo,MIL,28,63,47,16,2023.6,0.97,0.35,0.63,55.3,0.02,0.08,27.5,0.25,0.38,64.5,0.07,0.30,0.37,0.18,0.12,0.03,0.03,0.10,1.71,46.00,6.00,0.17
Joel Embiid,PHI,29,66,43,23,2284.1,0.96,0.32,0.58,54.8,0.03,0.09,33.0,0.29,0.34,85.7,0.05,0.24,0.29,0.12,0.10,0.03,0.05,0.09,1.62,39.00,1.00,0.19
Stanley Umude,DET,24,1,0,1,2.1,0.94,0.00,0.47,0.0,0.00,0.47,0.0,0.94,0.94,100,0.00,0.00,0.00,0.00,0.00,0.47,0.47,0.00,3.78,0.00,0.00,1.42
Donovan Williams,ATL,21,2,1,1,4.3,0.94,0.47,1.18,40.0,0.00,0.47,0.0,0.00,0.00,0.0,0.00,0.47,0.47,0.00,0.00,0.00,0.00,0.00,1.51,0.00,0.00,1.41
Luka Doncic,DAL,24,66,33,33,2390.5,0.89,0.30,0.61,49.6,0.08,0.23,34.2,0.22,0.29,74.2,0.02,0.22,0.24,0.22,0.10,0.04,0.01,0.07,1.57,36.00,10.00,0.05
Damian Lillard,POR,32,58,27,31,2106.6,0.89,0.26,0.57,46.3,0.12,0.31,37.1,0.24,0.26,91.4,0.02,0.11,0.13,0.20,0.09,0.02,0.01,0.05,1.35,16.00,2.00,0.05
Shai Gilgeous-Alexander,OKC,24,68,33,35,2416.0,0.88,0.29,0.57,51.0,0.02,0.07,34.5,0.28,0.31,90.5,0.02,0.11,0.14,0.15,0.08,0.05,0.03,0.08,1.42,3.00,0.00,0.06
Stephen Curry,GSW,35,56,30,26,1941.2,0.85,0.29,0.58,49.3,0.14,0.33,42.7,0.13,0.14,91.5,0.02,0.16,0.18,0.18,0.09,0.03,0.01,0.06,1.35,12.00,1.00,0.14
Ja Morant,MEM,23,61,40,21,1948.3,0.82,0.29,0.62,46.6,0.05,0.15,30.7,0.19,0.26,74.8,0.03,0.15,0.18,0.25,0.11,0.03,0.01,0.05,1.44,20.00,7.00,0.16
Kevin Durant,PHX,34,47,34,13,1671.8,0.82,0.29,0.52,56.0,0.06,0.14,40.4,0.18,0.20,91.9,0.01,0.18,0.19,0.14,0.09,0.02,0.04,0.06,1.34,5.00,1.00,0.15
Jayson Tatum,BOS,25,74,52,22,2732.2,0.81,0.27,0.57,46.6,0.09,0.25,35.0,0.19,0.23,85.4,0.03,0.21,0.24,0.13,0.08,0.03,0.02,0.06,1.35,31.00,1.00,0.17
LeBron James,LAL,38,55,30,25,1953.9,0.81,0.31,0.62,50.0,0.06,0.19,32.1,0.13,0.17,76.8,0.03,0.20,0.23,0.19,0.09,0.03,0.02,0.05,1.42,18.00,2.00,0.11
Devin Booker,PHX,26,53,34,19,1835.4,0.80,0.29,0.58,49.4,0.06,0.17,35.1,0.17,0.20,85.5,0.03,0.11,0.13,0.16,0.08,0.03,0.01,0.09,1.23,5.00,0.00,0.13
Donovan Mitchell,CLE,26,68,44,24,2432.4,0.79,0.28,0.58,48.4,0.10,0.26,38.6,0.13,0.15,86.7,0.03,0.09,0.12,0.12,0.07,0.04,0.01,0.07,1.20,5.00,0.00,0.14
Zion Williamson,NOP,22,29,17,12,956.1,0.79,0.30,0.49,60.8,0.01,0.02,36.8,0.19,0.26,71.4,0.06,0.15,0.21,0.14,0.10,0.03,0.02,0.07,1.30,5.00,0.00,0.16
Anthony Davis,LAL,30,56,31,25,1904.5,0.76,0.28,0.51,56.3,0.01,0.04,25.7,0.18,0.23,78.4,0.10,0.27,0.37,0.08,0.06,0.03,0.06,0.08,1.53,40.00,0.00,0.11
Trae Young,ATL,24,73,38,35,2540.7,0.75,0.23,0.55,42.9,0.06,0.18,33.5,0.22,0.25,88.6,0.02,0.06,0.09,0.29,0.12,0.03,0.00,0.04,1.28,40.00,0.00,0.04
De'Aaron Fox,SAC,25,73,44,29,2435.2,0.75,0.28,0.55,51.2,0.05,0.15,32.4,0.14,0.18,78.0,0.02,0.11,0.13,0.18,0.07,0.03,0.01,0.07,1.23,11.00,0.00,0.07
Lauri Markkanen,UTA,25,66,32,34,2272.5,0.74,0.25,0.50,49.9,0.09,0.22,39.2,0.15,0.18,87.5,0.06,0.19,0.25,0.05,0.06,0.02,0.02,0.06,1.18,28.00,0.00,0.07
Luka Garza,MIN,24,28,15,13,243.4,0.74,0.26,0.48,54.3,0.06,0.16,35.9,0.17,0.21,78.8,0.14,0.12,0.26,0.07,0.06,0.01,0.01,0.18,1.17,0.00,0.00,0.07
Jaylen Brown,BOS,26,67,46,21,2404.9,0.74,0.28,0.58,49.1,0.07,0.20,33.5,0.11,0.14,76.5,0.03,0.16,0.19,0.10,0.08,0.03,0.01,0.07,1.16,13.00,0.00,0.11
Nikola Jokic,DEN,28,69,48,21,2323.0,0.73,0.28,0.44,63.2,0.02,0.06,38.3,0.15,0.18,82.2,0.07,0.28,0.35,0.29,0.11,0.04,0.02,0.07,1.65,58.00,29.00,0.28
Kyrie Irving,DAL,31,60,32,28,2240.6,0.72,0.27,0.54,49.4,0.08,0.22,37.9,0.11,0.12,90.5,0.03,0.11,0.14,0.15,0.06,0.03,0.02,0.07,1.20,5.00,0.00,0.10
Brandon Ingram,NOP,25,45,23,22,1538.1,0.72,0.26,0.54,48.4,0.04,0.11,39.0,0.16,0.18,88.2,0.01,0.14,0.16,0.17,0.10,0.02,0.01,0.08,1.17,6.00,2.00,0.06
Kristaps Porzingis,WAS,27,65,27,38,2119.5,0.71,0.24,0.48,49.8,0.06,0.17,38.5,0.17,0.20,85.1,0.05,0.20,0.26,0.08,0.06,0.03,0.05,0.09,1.30,20.00,0.00,0.04
Kawhi Leonard,LAC,31,52,33,19,1747.5,0.71,0.26,0.50,51.2,0.06,0.14,41.6,0.14,0.16,87.1,0.03,0.16,0.19,0.12,0.05,0.04,0.02,0.05,1.24,4.00,0.00,0.13
Julius Randle,NYK,28,77,44,33,2737.3,0.71,0.24,0.52,45.9,0.08,0.23,34.3,0.15,0.19,75.7,0.05,0.23,0.28,0.12,0.08,0.02,0.01,0.09,1.21,40.00,0.00,0.06
Louis King,PHI,24,1,1,0,28.8,0.69,0.28,0.45,61.5,0.14,0.28,50.0,0.00,0.03,0.0,0.07,0.07,0.14,0.07,0.07,0.03,0.00,0.14,1.00,0.00,0.00,0.07
Bradley Beal,WAS,29,50,24,26,1672.9,0.69,0.27,0.52,50.6,0.05,0.13,36.5,0.11,0.14,84.2,0.02,0.09,0.12,0.16,0.09,0.03,0.02,0.06,1.13,2.00,0.00,0.03
Zach LaVine,CHI,28,77,38,39,2767.9,0.69,0.24,0.50,48.5,0.07,0.20,37.5,0.13,0.15,84.8,0.02,0.11,0.12,0.12,0.07,0.02,0.01,0.06,1.04,2.00,0.00,0.01
Paul George,LAC,33,56,32,24,1938.9,0.69,0.24,0.52,45.7,0.08,0.22,37.1,0.13,0.15,87.1,0.02,0.15,0.18,0.15,0.09,0.04,0.01,0.08,1.19,8.00,1.00,0.08
Jalen Brunson,NYK,26,68,40,28,2378.7,0.69,0.25,0.50,49.1,0.06,0.14,41.6,0.14,0.16,82.9,0.02,0.08,0.10,0.18,0.06,0.03,0.01,0.06,1.11,5.00,0.00,0.06
Jimmy Butler,MIA,33,64,35,29,2138.0,0.69,0.22,0.42,53.9,0.02,0.05,35.0,0.22,0.26,85.0,0.07,0.11,0.18,0.16,0.05,0.05,0.01,0.04,1.28,11.00,0.00,0.02
Anthony Edwards,MIN,21,79,40,39,2841.5,0.68,0.25,0.54,45.9,0.07,0.20,36.9,0.11,0.15,75.6,0.02,0.14,0.16,0.12,0.09,0.04,0.02,0.07,1.17,9.00,0.00,0.03
Kenneth Lofton Jr.,MEM,20,24,15,9,176.0,0.68,0.28,0.53,52.7,0.03,0.10,35.3,0.09,0.15,59.3,0.11,0.18,0.29,0.11,0.07,0.03,0.01,0.16,1.25,1.00,0.00,-0.27
Jordan Poole,GSW,23,82,44,38,2458.1,0.68,0.22,0.52,43.0,0.09,0.26,33.6,0.15,0.17,87.0,0.01,0.08,0.09,0.15,0.10,0.03,0.01,0.09,1.02,1.00,0.00,0.00
DeMar DeRozan,CHI,33,74,37,37,2681.6,0.68,0.25,0.49,50.4,0.02,0.05,32.4,0.17,0.20,87.2,0.01,0.12,0.13,0.14,0.06,0.03,0.01,0.07,1.12,6.00,0.00,0.02
Desmond Bane,MEM,24,58,38,20,1841.5,0.68,0.24,0.51,47.9,0.09,0.22,40.8,0.10,0.11,88.3,0.02,0.13,0.16,0.14,0.07,0.03,0.01,0.08,1.13,1.00,0.00,0.19
Bojan Bogdanovic,DET,34,59,15,44,1892.9,0.67,0.23,0.47,48.8,0.08,0.19,41.1,0.14,0.16,88.4,0.02,0.10,0.12,0.08,0.07,0.02,0.00,0.06,0.93,0.00,0.00,-0.17
Keldon Johnson,SAS,23,63,17,46,2063.3,0.67,0.24,0.54,45.2,0.06,0.20,32.9,0.12,0.16,74.9,0.03,0.13,0.15,0.09,0.06,0.02,0.01,0.06,1.01,5.00,0.00,-0.24
Chris Silva,DAL,26,1,1,0,3.0,0.66,0.33,0.33,100,0.00,0.00,0.0,0.00,0.00,0.0,0.00,0.00,0.00,0.00,0.33,0.00,0.00,0.66,0.33,0.00,0.00,0.33
Klay Thompson,GSW,33,69,38,31,2278.9,0.66,0.24,0.55,43.6,0.13,0.32,41.2,0.05,0.06,87.9,0.02,0.11,0.13,0.07,0.05,0.02,0.01,0.06,0.97,2.00,0.00,0.07
LaMelo Ball,CHA,21,36,13,23,1267.8,0.66,0.23,0.57,41.1,0.11,0.30,37.6,0.08,0.10,84.3,0.03,0.15,0.18,0.24,0.10,0.04,0.01,0.09,1.27,17.00,3.00,-0.12
Jaren Jackson Jr.,MEM,23,63,41,22,1787.5,0.66,0.23,0.46,50.6,0.06,0.16,35.5,0.13,0.17,78.8,0.06,0.18,0.24,0.03,0.06,0.04,0.11,0.13,1.36,7.00,0.00,0.20
Norman Powell,LAC,29,60,31,29,1567.1,0.65,0.22,0.45,47.9,0.07,0.18,39.7,0.14,0.18,81.2,0.02,0.10,0.11,0.07,0.06,0.03,0.01,0.08,0.95,0.00,0.00,-0.08
Pascal Siakam,TOR,29,71,35,36,2652.0,0.65,0.24,0.50,48.0,0.04,0.11,32.4,0.14,0.18,77.4,0.05,0.16,0.21,0.16,0.06,0.02,0.01,0.09,1.19,24.00,2.00,0.05
Jalen Green,HOU,21,76,20,56,2602.2,0.65,0.22,0.52,41.6,0.07,0.21,33.8,0.14,0.18,78.6,0.02,0.09,0.11,0.11,0.08,0.02,0.01,0.05,0.95,0.00,0.00,-0.17
Christian Wood,DAL,27,67,33,34,1738.4,0.64,0.23,0.44,51.5,0.06,0.16,37.6,0.12,0.16,77.2,0.05,0.23,0.28,0.07,0.07,0.02,0.04,0.10,1.19,12.00,0.00,-0.03
Jordan Clarkson,UTA,30,61,30,31,1988.3,0.64,0.23,0.52,44.4,0.08,0.23,33.8,0.10,0.12,81.6,0.04,0.09,0.12,0.14,0.09,0.02,0.01,0.06,0.97,3.00,0.00,0.02
Cam Thomas,BKN,21,57,30,27,947.6,0.64,0.21,0.48,44.1,0.05,0.14,38.3,0.16,0.18,86.8,0.01,0.09,0.10,0.08,0.07,0.02,0.01,0.06,0.90,0.00,0.00,0.00
Karl-Anthony Towns,MIN,27,29,15,14,957.0,0.63,0.22,0.45,49.5,0.06,0.17,36.6,0.12,0.14,87.4,0.05,0.20,0.25,0.15,0.09,0.02,0.02,0.12,1.17,9.00,0.00,0.04
Kelly Oubre Jr.,CHA,27,48,16,32,1547.5,0.63,0.23,0.53,43.1,0.07,0.22,31.9,0.10,0.13,76.0,0.04,0.12,0.16,0.03,0.04,0.04,0.01,0.09,1.00,3.00,0.00,-0.18
Naz Reid,MIN,23,68,32,36,1250.9,0.62,0.25,0.46,53.7,0.06,0.17,34.6,0.07,0.10,67.7,0.06,0.21,0.27,0.06,0.07,0.03,0.04,0.14,1.19,4.00,0.00,-0.10
Khris Middleton,MIL,31,33,25,8,800.8,0.62,0.22,0.51,43.6,0.06,0.20,31.5,0.11,0.13,90.2,0.03,0.14,0.17,0.20,0.09,0.03,0.01,0.08,1.15,4.00,0.00,0.16
Duane Washington Jr.,NYK,23,31,17,14,393.8,0.62,0.24,0.65,36.7,0.10,0.28,36.0,0.04,0.06,66.7,0.01,0.09,0.09,0.16,0.09,0.02,0.01,0.06,0.96,0.00,0.00,-0.02
Tyrese Haliburton,IND,23,56,28,28,1882.9,0.62,0.22,0.45,49.0,0.09,0.21,40.0,0.09,0.11,87.1,0.02,0.09,0.11,0.31,0.07,0.05,0.01,0.04,1.32,32.00,0.00,-0.02
Myles Turner,IND,27,62,29,33,1825.2,0.61,0.22,0.40,54.8,0.05,0.14,37.3,0.12,0.15,78.3,0.05,0.21,0.26,0.05,0.06,0.02,0.08,0.12,1.22,18.00,0.00,-0.03
Darius Garland,CLE,23,69,40,29,2447.2,0.61,0.21,0.46,46.2,0.07,0.17,41.0,0.11,0.13,86.3,0.01,0.06,0.08,0.22,0.08,0.03,0.00,0.06,1.06,18.00,0.00,0.18
Mac McClung,PHI,24,2,2,0,41.1,0.61,0.22,0.49,45.0,0.10,0.27,36.4,0.07,0.12,60.0,0.07,0.17,0.24,0.22,0.07,0.00,0.00,0.07,1.16,0.00,0.00,0.44
Jamal Murray,DEN,26,65,43,22,2133.4,0.61,0.22,0.49,45.4,0.08,0.20,39.8,0.08,0.10,83.3,0.02,0.10,0.12,0.19,0.07,0.03,0.01,0.05,1.08,5.00,1.00,0.14
Bones Hyland,LAC,22,56,36,20,1085.5,0.61,0.21,0.53,39.9,0.11,0.29,37.1,0.08,0.09,84.3,0.02,0.11,0.12,0.16,0.08,0.04,0.01,0.09,1.07,1.00,0.00,-0.12
Kyle Kuzma,WAS,27,64,29,35,2238.9,0.61,0.23,0.51,44.8,0.07,0.21,33.3,0.08,0.11,73.0,0.02,0.18,0.21,0.11,0.08,0.02,0.01,0.06,1.02,14.00,1.00,0.00
Malik Monk,SAC,25,77,47,30,1719.2,0.61,0.21,0.46,44.8,0.08,0.23,35.9,0.11,0.12,88.9,0.02,0.10,0.12,0.17,0.08,0.03,0.01,0.07,1.04,0.00,0.00,0.04
Tyrese Maxey,PHI,22,60,39,21,2015.8,0.60,0.22,0.45,48.1,0.08,0.18,43.4,0.09,0.11,84.5,0.01,0.08,0.09,0.11,0.04,0.02,0.00,0.07,0.91,0.00,0.00,0.12
Anfernee Simons,POR,23,62,27,35,2170.7,0.60,0.22,0.48,44.7,0.10,0.26,37.7,0.07,0.08,89.4,0.01,0.07,0.07,0.12,0.06,0.02,0.01,0.07,0.88,0.00,0.00,-0.03
Michael Porter Jr.,DEN,24,62,41,21,1797.9,0.60,0.22,0.45,48.7,0.10,0.25,41.4,0.05,0.07,80.0,0.04,0.15,0.19,0.04,0.04,0.02,0.02,0.07,0.95,3.00,0.00,0.23
Darius Days,HOU,23,4,0,4,25.0,0.60,0.20,0.48,41.7,0.12,0.40,30.0,0.08,0.08,100,0.04,0.20,0.24,0.04,0.00,0.00,0.04,0.08,1.07,0.00,0.00,0.04
Terry Rozier,CHA,29,63,19,44,2220.9,0.60,0.22,0.53,41.5,0.07,0.23,32.7,0.08,0.10,80.9,0.02,0.09,0.12,0.14,0.06,0.03,0.01,0.05,1.02,1.00,0.00,-0.13
Collin Sexton,UTA,24,48,24,24,1145.2,0.60,0.21,0.41,50.6,0.04,0.11,39.3,0.14,0.17,81.9,0.03,0.06,0.09,0.12,0.07,0.02,0.01,0.10,0.90,1.00,0.00,-0.02
Cade Cunningham,DET,21,12,3,9,400.2,0.60,0.23,0.56,41.5,0.04,0.15,27.9,0.09,0.11,83.7,0.03,0.15,0.18,0.18,0.10,0.02,0.02,0.08,1.12,3.00,0.00,-0.15
Devin Vassell,SAS,22,38,12,26,1178.1,0.60,0.22,0.51,43.9,0.09,0.23,38.7,0.07,0.08,78.0,0.01,0.12,0.13,0.12,0.05,0.04,0.01,0.05,1.03,0.00,0.00,-0.25
Boban Marjanovic,HOU,34,31,7,24,171.1,0.60,0.24,0.35,68.3,0.00,0.01,0.0,0.12,0.16,74.1,0.12,0.23,0.35,0.05,0.08,0.03,0.01,0.06,1.14,0.00,0.00,0.39
Jaden Hardy,DAL,20,48,20,28,708.4,0.59,0.21,0.47,43.8,0.09,0.22,40.4,0.09,0.11,82.3,0.02,0.11,0.13,0.09,0.06,0.02,0.01,0.09,0.92,0.00,0.00,-0.05
CJ McCollum,NOP,31,75,38,37,2649.2,0.59,0.22,0.51,43.7,0.08,0.20,38.9,0.07,0.09,76.9,0.02,0.10,0.12,0.16,0.07,0.03,0.01,0.06,1.04,6.00,0.00,0.02
Paolo Banchero,ORL,20,72,31,41,2429.7,0.59,0.20,0.46,42.7,0.03,0.12,29.8,0.16,0.22,73.8,0.03,0.17,0.20,0.11,0.08,0.02,0.02,0.07,1.04,14.00,0.00,-0.09
Deandre Ayton,PHX,24,67,36,31,2035.3,0.59,0.26,0.44,58.9,0.00,0.01,29.2,0.07,0.10,76.0,0.08,0.24,0.33,0.06,0.06,0.02,0.03,0.09,1.14,36.00,0.00,0.00
Jrue Holiday,MIL,32,67,50,17,2182.5,0.59,0.22,0.47,47.9,0.07,0.19,38.4,0.07,0.08,85.9,0.04,0.12,0.16,0.23,0.09,0.04,0.01,0.05,1.17,16.00,0.00,0.22
Bam Adebayo,MIA,25,75,40,35,2598.0,0.59,0.23,0.43,54.0,0.00,0.00,8.3,0.12,0.15,80.6,0.07,0.19,0.26,0.09,0.07,0.03,0.02,0.08,1.14,31.00,0.00,0.05
Bennedict Mathurin,IND,20,78,33,45,2222.4,0.59,0.19,0.43,43.4,0.04,0.14,32.3,0.17,0.20,82.8,0.04,0.10,0.14,0.05,0.07,0.02,0.01,0.07,0.85,0.00,0.00,-0.08
Alec Burks,DET,31,51,12,39,1122.4,0.58,0.18,0.41,43.6,0.09,0.21,41.4,0.14,0.17,81.4,0.02,0.12,0.14,0.10,0.05,0.03,0.01,0.09,0.97,0.00,0.00,-0.01
RJ Barrett,NYK,22,73,40,33,2475.5,0.58,0.21,0.48,43.4,0.05,0.16,31.0,0.12,0.16,74.0,0.02,0.12,0.15,0.08,0.07,0.01,0.01,0.07,0.87,3.00,0.00,-0.03
Lindell Wigginton,MIL,25,7,4,3,86.7,0.58,0.21,0.43,48.6,0.07,0.21,33.3,0.09,0.10,88.9,0.00,0.08,0.08,0.16,0.14,0.00,0.02,0.08,0.85,1.00,0.00,-0.45
Tyler Herro,MIA,23,67,37,30,2335.4,0.58,0.21,0.47,43.9,0.09,0.23,37.8,0.07,0.08,93.4,0.01,0.14,0.15,0.12,0.07,0.02,0.01,0.04,0.96,6.00,1.00,0.07
Brandon Boston Jr.,LAC,21,22,9,13,248.3,0.58,0.21,0.49,41.8,0.05,0.12,41.4,0.12,0.15,76.3,0.03,0.09,0.12,0.08,0.05,0.04,0.00,0.08,0.90,0.00,0.00,-0.18
Jerami Grant,POR,29,63,28,35,2245.5,0.57,0.19,0.41,47.5,0.06,0.16,40.1,0.12,0.15,81.3,0.02,0.10,0.13,0.07,0.05,0.02,0.02,0.07,0.91,2.00,0.00,-0.02
Malcolm Brogdon,BOS,30,67,46,21,1743.8,0.57,0.20,0.42,48.4,0.08,0.17,44.4,0.09,0.11,87.0,0.02,0.14,0.16,0.14,0.06,0.03,0.01,0.06,1.03,0.00,0.00,0.10
Willy Hernangomez,NOP,28,38,23,15,457.7,0.57,0.19,0.37,52.7,0.01,0.02,27.3,0.18,0.23,77.9,0.13,0.27,0.39,0.07,0.09,0.04,0.03,0.14,1.26,2.00,0.00,0.04
James Harden,PHI,33,58,39,19,2135.0,0.57,0.17,0.39,44.1,0.08,0.20,38.5,0.15,0.17,86.7,0.02,0.15,0.17,0.29,0.09,0.03,0.01,0.05,1.25,36.00,5.00,0.13
Tony Bradley,CHI,25,12,5,7,33.4,0.57,0.18,0.36,50.0,0.09,0.15,60.0,0.12,0.12,100,0.03,0.30,0.33,0.03,0.03,0.03,0.03,0.06,1.16,0.00,0.00,0.33
Franz Wagner,ORL,21,80,33,47,2608.7,0.57,0.21,0.43,48.5,0.05,0.14,36.1,0.10,0.12,84.2,0.03,0.10,0.13,0.11,0.06,0.03,0.01,0.07,0.93,2.00,0.00,0.02
Jonas Valanciunas,NOP,30,79,40,39,1968.2,0.57,0.23,0.41,54.7,0.02,0.06,34.9,0.09,0.11,82.6,0.11,0.29,0.41,0.07,0.08,0.01,0.03,0.12,1.19,43.00,0.00,-0.01
Jarrell Brantley,UTA,26,4,0,4,39.0,0.56,0.21,0.36,57.1,0.10,0.23,44.4,0.05,0.05,100,0.03,0.13,0.15,0.08,0.05,0.00,0.05,0.08,0.97,0.00,0.00,0.39
Mikal Bridges,BKN,26,83,42,41,2963.2,0.56,0.20,0.43,46.8,0.06,0.15,38.2,0.11,0.12,89.5,0.03,0.10,0.12,0.09,0.04,0.03,0.02,0.05,0.96,2.00,0.00,0.01
Dejounte Murray,ATL,26,74,38,36,2693.4,0.56,0.23,0.49,46.4,0.05,0.14,34.4,0.06,0.07,83.2,0.02,0.12,0.14,0.17,0.06,0.04,0.01,0.04,1.07,8.00,1.00,-0.02
Jaylen Nowell,MIN,23,65,34,31,1251.7,0.56,0.22,0.50,44.8,0.05,0.19,28.9,0.06,0.08,77.8,0.03,0.11,0.14,0.11,0.05,0.03,0.00,0.08,0.94,0.00,0.00,-0.01
Kevin Porter Jr.,HOU,22,59,18,41,2023.9,0.56,0.19,0.44,44.2,0.07,0.19,36.6,0.10,0.13,78.4,0.04,0.12,0.16,0.17,0.09,0.04,0.01,0.08,1.05,9.00,1.00,-0.17
Domantas Sabonis,SAC,26,79,47,32,2735.6,0.55,0.21,0.34,61.5,0.01,0.03,37.3,0.12,0.16,74.2,0.09,0.26,0.36,0.21,0.08,0.02,0.01,0.10,1.32,65.00,14.00,0.08
Lester Quinones,GSW,22,4,4,0,18.1,0.55,0.11,0.28,40.0,0.11,0.22,50.0,0.22,0.33,66.7,0.06,0.11,0.17,0.11,0.28,0.06,0.00,0.00,0.81,0.00,0.00,0.33
D'Angelo Russell,LAL,27,71,39,32,2304.1,0.55,0.19,0.41,46.9,0.08,0.21,39.6,0.08,0.09,82.9,0.02,0.08,0.09,0.19,0.08,0.03,0.01,0.06,0.99,9.00,0.00,0.04
Malcolm Hill,CHI,27,5,4,1,9.2,0.55,0.22,0.44,50.0,0.11,0.33,33.3,0.00,0.00,0.0,0.00,0.33,0.33,0.00,0.00,0.00,0.00,0.11,0.94,0.00,0.00,0.98
Russell Westbrook,LAC,34,73,36,37,2125.8,0.55,0.20,0.47,43.6,0.04,0.13,31.1,0.10,0.15,65.6,0.04,0.16,0.20,0.26,0.12,0.04,0.02,0.08,1.21,24.00,4.00,-0.01
Bobby Portis,MIL,28,70,47,23,1818.4,0.54,0.22,0.44,49.6,0.05,0.14,37.0,0.05,0.07,76.8,0.08,0.28,0.37,0.06,0.04,0.02,0.01,0.06,1.10,38.00,0.00,0.01
Gary Trent Jr.,TOR,24,66,31,35,2118.0,0.54,0.19,0.44,43.3,0.08,0.21,36.9,0.08,0.10,83.9,0.01,0.07,0.08,0.05,0.03,0.05,0.01,0.05,0.86,0.00,0.00,-0.02
Cameron Johnson,BKN,27,42,25,17,1199.8,0.54,0.19,0.40,47.0,0.09,0.21,40.4,0.08,0.10,84.2,0.03,0.13,0.15,0.07,0.03,0.04,0.01,0.07,0.95,1.00,0.00,0.13
Buddy Hield,IND,30,80,35,45,2481.9,0.54,0.19,0.42,45.8,0.12,0.27,42.5,0.04,0.05,82.2,0.03,0.13,0.16,0.09,0.06,0.04,0.01,0.06,0.96,3.00,0.00,-0.03
Moritz Wagner,ORL,26,57,27,30,1109.5,0.54,0.18,0.36,50.0,0.05,0.15,31.3,0.14,0.16,84.1,0.06,0.17,0.23,0.08,0.06,0.03,0.01,0.12,1.01,3.00,0.00,-0.02
Patrick Baldwin Jr.,GSW,20,31,15,16,225.8,0.54,0.19,0.48,39.4,0.14,0.37,38.1,0.02,0.03,66.7,0.00,0.17,0.18,0.05,0.05,0.03,0.02,0.06,0.91,0.00,0.00,-0.23
Aaron Gordon,DEN,27,68,45,23,2055.1,0.54,0.21,0.37,56.4,0.03,0.08,34.7,0.09,0.15,60.8,0.08,0.14,0.22,0.10,0.05,0.03,0.02,0.06,1.05,11.00,0.00,0.25
Jay Huff,WAS,25,7,2,5,94.9,0.54,0.16,0.26,60.0,0.06,0.13,50.0,0.16,0.17,93.8,0.06,0.16,0.22,0.11,0.05,0.03,0.04,0.16,1.13,0.00,0.00,-0.07
Thomas Bryant,DEN,25,59,33,26,1081.5,0.54,0.21,0.34,62.3,0.02,0.05,44.1,0.09,0.12,73.8,0.08,0.23,0.31,0.03,0.04,0.01,0.03,0.09,1.05,9.00,0.00,-0.09
Josh Giddey,OKC,20,76,34,42,2367.3,0.53,0.23,0.47,48.2,0.03,0.10,32.5,0.04,0.06,73.1,0.06,0.19,0.25,0.20,0.09,0.02,0.01,0.06,1.16,28.00,4.00,-0.04
Andrew Wiggins,GSW,28,37,19,18,1190.3,0.53,0.21,0.44,47.3,0.07,0.19,39.6,0.04,0.06,61.1,0.05,0.11,0.16,0.07,0.04,0.04,0.02,0.09,0.97,3.00,0.00,0.10
Talen Horton-Tucker,UTA,22,65,30,35,1313.2,0.53,0.20,0.47,41.9,0.04,0.15,28.6,0.10,0.13,75.0,0.03,0.13,0.16,0.19,0.10,0.03,0.02,0.08,1.07,2.00,0.00,-0.01
Moses Brown,BKN,23,36,17,19,294.1,0.53,0.21,0.33,63.5,0.00,0.00,0.0,0.11,0.24,45.8,0.19,0.28,0.47,0.01,0.05,0.01,0.05,0.13,1.25,3.00,0.00,0.09
Nikola Vucevic,CHI,32,82,40,42,2746.4,0.53,0.22,0.42,52.0,0.04,0.13,34.9,0.05,0.06,83.5,0.06,0.27,0.33,0.10,0.05,0.02,0.02,0.07,1.14,51.00,1.00,-0.01
Fred VanVleet,TOR,29,69,34,35,2535.0,0.53,0.17,0.44,39.3,0.08,0.24,34.2,0.10,0.11,89.8,0.01,0.10,0.11,0.20,0.06,0.05,0.01,0.08,1.09,10.00,1.00,0.08
JaVale McGee,DAL,35,42,20,22,354.5,0.52,0.23,0.35,64.0,0.01,0.01,40.0,0.07,0.12,58.5,0.08,0.22,0.30,0.03,0.10,0.01,0.07,0.15,1.09,0.00,0.00,-0.16
Hamidou Diallo,DET,24,56,12,44,995.9,0.52,0.22,0.38,57.3,0.01,0.02,23.8,0.09,0.15,58.8,0.06,0.14,0.19,0.06,0.07,0.05,0.02,0.12,0.98,0.00,0.00,-0.02
Jaden Ivey,DET,21,74,16,58,2304.3,0.52,0.18,0.43,41.6,0.05,0.15,34.3,0.12,0.15,74.7,0.03,0.09,0.12,0.17,0.10,0.03,0.01,0.11,0.92,8.00,0.00,-0.28
Brook Lopez,MIL,35,78,57,21,2372.5,0.52,0.20,0.38,53.1,0.06,0.15,37.4,0.06,0.08,78.4,0.07,0.15,0.22,0.04,0.05,0.02,0.08,0.09,1.09,11.00,0.00,0.17
James Wiseman,DET,22,45,11,34,867.2,0.52,0.22,0.39,55.8,0.00,0.02,20.0,0.08,0.11,70.1,0.08,0.22,0.31,0.03,0.06,0.01,0.03,0.12,1.00,8.00,0.00,-0.38
Kevin Huerter,SAC,24,75,44,31,2202.8,0.52,0.19,0.39,48.5,0.09,0.23,40.2,0.04,0.06,72.5,0.02,0.09,0.11,0.10,0.04,0.04,0.01,0.08,0.90,0.00,0.00,0.10
A.J. Lawson,DAL,22,15,5,10,108.3,0.52,0.20,0.41,50.0,0.09,0.23,40.0,0.02,0.07,25.0,0.06,0.14,0.19,0.02,0.03,0.02,0.00,0.10,0.81,0.00,0.00,-0.42
Immanuel Quickley,NYK,23,81,47,34,2344.1,0.52,0.18,0.40,44.8,0.07,0.19,37.0,0.09,0.11,81.9,0.02,0.12,0.14,0.12,0.04,0.03,0.01,0.07,0.94,4.00,0.00,0.14
Julian Champagnie,SAS,21,17,7,10,320.1,0.52,0.18,0.41,45.4,0.10,0.26,40.2,0.04,0.05,82.4,0.03,0.16,0.19,0.03,0.03,0.02,0.02,0.08,0.86,1.00,0.00,-0.23
Kendrick Nunn,WAS,27,70,30,40,963.4,0.51,0.20,0.47,42.4,0.08,0.23,35.4,0.04,0.04,85.4,0.02,0.10,0.11,0.09,0.07,0.03,0.01,0.07,0.83,0.00,0.00,-0.06
Wendell Carter Jr.,ORL,24,57,26,31,1689.5,0.51,0.19,0.36,52.5,0.05,0.13,35.6,0.09,0.12,73.8,0.07,0.22,0.29,0.08,0.06,0.02,0.02,0.09,1.03,21.00,0.00,-0.02
Edmond Sumner,BKN,27,53,33,20,736.2,0.51,0.17,0.37,46.1,0.04,0.12,35.6,0.13,0.15,91.7,0.02,0.09,0.11,0.09,0.07,0.04,0.01,0.11,0.88,0.00,0.00,0.03
Brandon Clarke,MEM,26,56,32,24,1090.1,0.51,0.21,0.32,65.6,0.00,0.01,16.7,0.09,0.13,71.9,0.08,0.20,0.28,0.07,0.05,0.03,0.03,0.12,1.10,6.00,0.00,-0.01
Terence Davis,SAC,25,64,38,26,841.0,0.51,0.18,0.43,42.3,0.11,0.29,36.6,0.04,0.05,79.1,0.02,0.14,0.17,0.08,0.06,0.05,0.01,0.12,0.96,0.00,0.00,0.06
John Wall,LAC,32,34,15,19,754.7,0.51,0.18,0.45,40.7,0.04,0.14,30.3,0.10,0.15,68.1,0.02,0.10,0.12,0.24,0.11,0.04,0.02,0.08,1.06,1.00,0.00,-0.14
Kris Dunn,UTA,29,22,8,14,567.5,0.51,0.20,0.38,53.7,0.03,0.06,47.2,0.07,0.09,77.4,0.02,0.16,0.18,0.22,0.06,0.04,0.02,0.10,1.17,3.00,0.00,-0.11
Alperen Sengun,HOU,20,75,18,57,2170.7,0.51,0.20,0.37,55.3,0.01,0.03,33.3,0.09,0.13,71.5,0.11,0.20,0.31,0.13,0.09,0.03,0.03,0.12,1.19,29.00,2.00,-0.13
Dalano Banton,TOR,23,31,17,14,278.5,0.51,0.20,0.47,42.3,0.05,0.18,29.4,0.06,0.09,70.8,0.04,0.12,0.16,0.13,0.06,0.05,0.05,0.12,1.11,0.00,0.00,-0.12
Cameron Payne,PHX,28,48,27,21,968.3,0.51,0.19,0.47,41.5,0.07,0.19,36.8,0.05,0.07,76.6,0.01,0.10,0.11,0.22,0.08,0.03,0.01,0.09,1.02,3.00,0.00,0.08
Marvin Bagley III,DET,24,42,7,35,990.5,0.51,0.20,0.39,52.9,0.02,0.07,28.8,0.08,0.11,75.0,0.09,0.18,0.27,0.04,0.05,0.02,0.03,0.08,0.99,8.00,0.00,-0.23
Zach Collins,SAS,25,63,20,43,1440.6,0.51,0.20,0.38,51.8,0.04,0.10,37.4,0.07,0.10,76.1,0.08,0.20,0.28,0.12,0.09,0.03,0.03,0.14,1.12,9.00,0.00,-0.17
Lonnie Walker IV,LAL,24,56,27,29,1297.0,0.50,0.18,0.41,44.8,0.07,0.19,36.5,0.07,0.08,85.8,0.01,0.07,0.08,0.05,0.04,0.02,0.01,0.05,0.75,0.00,0.00,-0.16
Cole Anthony,ORL,22,60,28,32,1551.8,0.50,0.18,0.39,45.4,0.05,0.13,36.4,0.10,0.11,89.4,0.03,0.16,0.19,0.15,0.06,0.02,0.02,0.10,1.03,1.00,0.00,-0.02
Spencer Dinwiddie,BKN,30,79,41,38,2725.3,0.50,0.17,0.39,43.8,0.07,0.18,36.9,0.10,0.12,81.2,0.01,0.09,0.10,0.19,0.05,0.02,0.01,0.07,0.95,9.00,0.00,0.00
Jalen Smith,IND,23,68,31,37,1278.8,0.50,0.19,0.40,47.6,0.04,0.15,28.3,0.08,0.11,75.9,0.10,0.21,0.31,0.05,0.06,0.02,0.05,0.12,1.08,7.00,0.00,-0.07
Bogdan Bogdanovic,ATL,30,54,27,27,1508.6,0.50,0.18,0.41,44.7,0.10,0.24,40.6,0.04,0.05,83.1,0.02,0.09,0.11,0.10,0.04,0.03,0.01,0.06,0.86,0.00,0.00,0.04
Kemba Walker,DAL,32,9,5,4,143.9,0.50,0.17,0.40,42.1,0.05,0.19,25.0,0.12,0.15,81.0,0.02,0.09,0.11,0.13,0.03,0.01,0.01,0.08,0.89,0.00,0.00,-0.01
Saddiq Bey,ATL,24,77,24,53,2128.7,0.50,0.17,0.39,42.2,0.07,0.20,36.1,0.10,0.11,86.1,0.05,0.12,0.17,0.06,0.03,0.03,0.01,0.06,0.87,4.00,0.00,-0.07
Jusuf Nurkic,POR,28,52,24,28,1391.4,0.50,0.19,0.36,51.9,0.03,0.09,36.1,0.09,0.14,66.1,0.08,0.26,0.34,0.11,0.09,0.03,0.03,0.13,1.17,18.00,0.00,0.01
Doug McDermott,SAS,31,64,19,45,1314.2,0.50,0.18,0.40,45.7,0.09,0.23,41.3,0.04,0.05,75.7,0.02,0.09,0.11,0.07,0.04,0.01,0.00,0.09,0.73,0.00,0.00,-0.18
Isaiah Joe,OKC,23,73,36,37,1395.3,0.50,0.16,0.36,44.1,0.12,0.28,40.9,0.06,0.07,82.0,0.02,0.11,0.13,0.06,0.03,0.03,0.01,0.08,0.83,0.00,0.00,0.15
Malik Beasley,LAL,26,81,45,36,2093.1,0.49,0.18,0.45,39.5,0.11,0.31,35.7,0.02,0.03,76.9,0.02,0.12,0.14,0.06,0.04,0.03,0.00,0.05,0.80,1.00,0.00,-0.04
Skylar Mays,POR,25,6,1,5,188.8,0.49,0.18,0.36,50.0,0.06,0.14,46.2,0.06,0.07,92.3,0.01,0.09,0.10,0.26,0.05,0.03,0.01,0.06,1.06,1.00,0.00,-0.39
Kira Lewis Jr.,NOP,22,25,11,14,234.8,0.49,0.17,0.37,45.5,0.06,0.14,44.1,0.08,0.09,86.4,0.02,0.12,0.14,0.10,0.04,0.04,0.01,0.10,0.91,0.00,0.00,0.26
De'Andre Hunter,ATL,25,67,35,32,2125.6,0.48,0.18,0.39,46.1,0.05,0.13,35.0,0.08,0.10,82.6,0.02,0.11,0.13,0.04,0.04,0.02,0.01,0.09,0.75,1.00,0.00,-0.01
Jared Butler,OKC,22,6,3,3,76.5,0.48,0.20,0.42,46.9,0.09,0.18,50.0,0.00,0.00,0.0,0.01,0.04,0.05,0.10,0.07,0.07,0.00,0.07,0.83,0.00,0.00,-0.01
Rui Hachimura,LAL,25,63,38,25,1466.0,0.48,0.19,0.40,48.6,0.03,0.11,31.9,0.06,0.08,73.9,0.04,0.16,0.19,0.04,0.04,0.01,0.02,0.05,0.83,2.00,0.00,-0.02
Dylan Windler,CLE,26,3,3,0,10.4,0.48,0.19,0.29,66.7,0.10,0.19,50.0,0.00,0.00,0.0,0.00,0.00,0.00,0.10,0.10,0.10,0.00,0.00,0.82,0.00,0.00,-0.10
Jordan Schakel,WAS,24,2,0,2,6.2,0.48,0.16,0.32,50.0,0.16,0.16,100,0.00,0.00,0.0,0.00,0.00,0.00,0.16,0.00,0.16,0.00,0.16,1.20,0.00,0.00,0.96
P.J. Washington,CHA,24,73,24,49,2379.6,0.48,0.18,0.41,44.4,0.06,0.18,34.8,0.05,0.07,73.0,0.03,0.12,0.15,0.07,0.05,0.03,0.03,0.08,0.91,3.00,0.00,-0.16
Omer Yurtseven,MIA,24,9,5,4,83.2,0.48,0.19,0.32,59.3,0.04,0.08,42.9,0.06,0.07,83.3,0.10,0.18,0.28,0.02,0.05,0.02,0.02,0.19,0.94,0.00,0.00,0.12
Nathan Knight,MIN,25,38,19,19,290.7,0.48,0.16,0.28,56.8,0.03,0.08,36.4,0.13,0.20,68.4,0.08,0.12,0.19,0.04,0.07,0.03,0.02,0.14,0.87,0.00,0.00,-0.03
Josh Minott,MIN,20,15,7,8,96.2,0.48,0.19,0.37,50.0,0.02,0.06,33.3,0.08,0.08,100,0.05,0.21,0.26,0.05,0.03,0.04,0.06,0.10,1.15,1.00,0.00,0.25
Jonathan Kuminga,GSW,20,67,38,29,1394.4,0.48,0.19,0.36,52.5,0.04,0.10,37.0,0.06,0.10,65.2,0.05,0.12,0.17,0.09,0.07,0.03,0.02,0.11,0.90,1.00,0.00,-0.04
Svi Mykhailiuk,CHA,25,32,16,16,467.9,0.47,0.16,0.37,44.5,0.09,0.21,42.4,0.06,0.08,66.7,0.03,0.08,0.11,0.11,0.05,0.03,0.01,0.05,0.85,0.00,0.00,0.04
Tim Hardaway Jr.,DAL,31,71,37,34,2152.2,0.47,0.16,0.39,40.1,0.10,0.26,38.5,0.06,0.08,77.0,0.01,0.11,0.12,0.06,0.03,0.02,0.01,0.06,0.76,0.00,0.00,0.07
Josh Christopher,HOU,21,64,16,48,786.2,0.47,0.19,0.42,46.5,0.03,0.11,23.6,0.06,0.08,75.0,0.03,0.06,0.09,0.09,0.08,0.04,0.02,0.08,0.83,0.00,0.00,-0.29
Obi Toppin,NYK,25,67,37,30,1050.5,0.47,0.18,0.40,44.6,0.08,0.24,34.4,0.04,0.04,80.9,0.03,0.15,0.18,0.06,0.04,0.02,0.01,0.06,0.84,0.00,0.00,0.05
Dillon Brooks,MEM,27,73,46,27,2214.3,0.47,0.18,0.45,39.6,0.06,0.20,32.6,0.05,0.07,77.9,0.02,0.09,0.11,0.09,0.05,0.03,0.01,0.11,0.80,0.00,0.00,0.09
O.G. Anunoby,TOR,25,67,33,34,2385.7,0.47,0.18,0.37,47.6,0.06,0.15,38.7,0.06,0.07,83.8,0.04,0.10,0.14,0.05,0.06,0.05,0.02,0.08,0.89,2.00,0.00,0.06
Markelle Fultz,ORL,24,60,29,31,1777.9,0.47,0.20,0.38,51.4,0.02,0.05,31.0,0.06,0.08,78.3,0.04,0.09,0.13,0.19,0.08,0.05,0.01,0.07,1.03,3.00,0.00,-0.07
Jakob Poeltl,TOR,27,72,26,46,1906.1,0.47,0.20,0.32,62.9,0.00,0.00,0.0,0.06,0.11,59.2,0.12,0.22,0.34,0.10,0.07,0.03,0.05,0.10,1.21,19.00,0.00,-0.08
Jaden Springer,PHI,20,16,13,3,89.3,0.47,0.19,0.39,48.6,0.02,0.06,40.0,0.07,0.09,75.0,0.07,0.09,0.16,0.09,0.03,0.08,0.03,0.17,1.10,0.00,0.00,-0.03
Evan Mobley,CLE,21,79,48,31,2715.3,0.47,0.19,0.35,55.4,0.01,0.04,21.6,0.08,0.11,67.4,0.07,0.19,0.26,0.08,0.05,0.02,0.04,0.08,1.05,24.00,0.00,0.12
Andre Drummond,CHI,29,67,32,35,849.1,0.47,0.20,0.32,60.6,0.00,0.00,0.0,0.08,0.15,53.6,0.16,0.36,0.52,0.04,0.09,0.05,0.03,0.14,1.32,8.00,0.00,0.03
Montrezl Harrell,PHI,29,57,35,22,681.1,0.47,0.18,0.31,59.8,0.00,0.01,0.0,0.10,0.15,69.3,0.10,0.14,0.23,0.05,0.05,0.02,0.04,0.11,0.96,1.00,0.00,0.03
Trey Murphy III,NOP,22,79,39,40,2448.0,0.47,0.16,0.33,48.4,0.08,0.20,40.6,0.07,0.08,90.5,0.02,0.09,0.11,0.05,0.02,0.04,0.02,0.06,0.81,1.00,0.00,0.02
Mark Williams,CHA,21,43,18,25,828.0,0.47,0.19,0.30,63.7,0.00,0.00,0.0,0.08,0.12,69.1,0.11,0.25,0.37,0.02,0.05,0.03,0.05,0.11,1.16,11.00,0.00,-0.10
Chris Boucher,TOR,30,76,39,37,1523.5,0.47,0.17,0.35,49.3,0.04,0.12,32.8,0.08,0.11,76.2,0.10,0.17,0.28,0.02,0.03,0.03,0.04,0.09,1.02,9.00,0.00,-0.01
Dewayne Dedmon,PHI,33,38,23,15,426.2,0.47,0.18,0.35,51.0,0.03,0.09,30.8,0.08,0.11,67.3,0.08,0.23,0.31,0.06,0.06,0.02,0.04,0.18,1.07,0.00,0.00,-0.29
Jock Landale,PHX,27,69,35,34,978.5,0.47,0.18,0.34,52.8,0.02,0.09,25.0,0.08,0.11,75.2,0.12,0.16,0.29,0.07,0.06,0.02,0.03,0.13,0.99,3.00,0.00,0.14
Chimezie Metu,SAC,26,66,41,25,689.0,0.47,0.19,0.32,58.9,0.01,0.06,23.7,0.08,0.11,74.0,0.07,0.22,0.29,0.06,0.05,0.03,0.03,0.12,1.04,0.00,0.00,0.13
Gordon Hayward,CHA,33,50,20,30,1576.9,0.46,0.18,0.37,47.5,0.03,0.10,32.5,0.08,0.10,81.1,0.02,0.12,0.14,0.13,0.06,0.03,0.01,0.04,0.86,2.00,0.00,-0.07
Jalen Williams,OKC,22,75,36,39,2275.6,0.46,0.18,0.35,52.1,0.03,0.09,35.6,0.07,0.08,81.2,0.04,0.11,0.15,0.11,0.05,0.05,0.02,0.08,0.93,3.00,0.00,-0.02
Seth Curry,BKN,32,61,37,24,1210.7,0.46,0.17,0.37,46.3,0.08,0.19,40.5,0.04,0.05,92.7,0.01,0.07,0.08,0.08,0.04,0.03,0.01,0.08,0.75,0.00,0.00,-0.06
Harrison Barnes,SAC,30,82,48,34,2662.0,0.46,0.14,0.30,47.3,0.05,0.13,37.4,0.13,0.16,84.7,0.03,0.10,0.14,0.05,0.03,0.02,0.00,0.04,0.74,0.00,0.00,0.10
JaMychal Green,GSW,32,57,30,27,796.7,0.46,0.17,0.32,54.0,0.05,0.14,37.8,0.07,0.08,77.6,0.09,0.17,0.26,0.06,0.07,0.03,0.03,0.13,0.98,0.00,0.00,-0.20
Micah Potter,UTA,25,7,4,3,52.4,0.46,0.19,0.29,66.7,0.08,0.13,57.1,0.00,0.00,0.0,0.06,0.25,0.31,0.08,0.04,0.02,0.00,0.10,0.96,1.00,0.00,-0.06
T.J. Warren,PHX,29,42,26,16,686.7,0.46,0.19,0.39,48.9,0.03,0.10,32.8,0.04,0.05,80.0,0.04,0.14,0.18,0.06,0.03,0.03,0.02,0.09,0.88,0.00,0.00,0.08
Jordan Nwora,IND,24,62,36,26,1188.1,0.46,0.16,0.37,43.6,0.07,0.18,40.8,0.06,0.07,79.1,0.04,0.15,0.19,0.07,0.06,0.02,0.01,0.06,0.84,1.00,0.00,-0.21
RaiQuan Gray,BKN,23,1,0,1,35.1,0.46,0.17,0.34,50.0,0.06,0.14,40.0,0.06,0.06,100,0.09,0.17,0.26,0.20,0.11,0.00,0.03,0.14,1.03,0.00,0.00,-0.40
AJ Griffin,ATL,19,72,34,38,1401.4,0.46,0.18,0.38,46.5,0.07,0.18,39.0,0.03,0.03,89.4,0.03,0.08,0.11,0.05,0.03,0.03,0.01,0.06,0.75,0.00,0.00,0.04
Keon Johnson,POR,21,40,13,27,416.4,0.45,0.16,0.43,37.6,0.07,0.19,34.6,0.06,0.10,65.9,0.03,0.08,0.11,0.14,0.10,0.05,0.01,0.10,0.87,0.00,0.00,-0.37
Kenyon Martin Jr.,HOU,22,82,22,60,2292.2,0.45,0.18,0.31,56.9,0.03,0.09,31.5,0.07,0.10,68.0,0.05,0.14,0.20,0.05,0.04,0.02,0.01,0.06,0.82,5.00,0.00,-0.16
Cody Zeller,MIA,30,15,6,9,216.6,0.45,0.17,0.27,62.7,0.00,0.01,0.0,0.11,0.16,68.6,0.12,0.18,0.30,0.05,0.06,0.01,0.02,0.15,0.91,0.00,0.00,-0.22
Austin Reaves,LAL,24,64,35,29,1843.2,0.45,0.14,0.27,52.9,0.05,0.12,39.8,0.12,0.14,86.4,0.02,0.09,0.10,0.12,0.05,0.02,0.01,0.06,0.78,1.00,0.00,0.12
Trey Lyles,SAC,27,74,43,31,1247.2,0.45,0.15,0.33,45.8,0.07,0.19,36.3,0.08,0.10,81.5,0.05,0.19,0.24,0.05,0.05,0.02,0.02,0.08,0.91,1.00,0.00,0.08
Clint Capela,ATL,28,65,35,30,1730.1,0.45,0.20,0.31,65.3,0.00,0.00,0.0,0.05,0.08,60.3,0.15,0.27,0.41,0.03,0.03,0.03,0.05,0.08,1.18,35.00,0.00,-0.02
Daniel Theis,IND,31,7,1,6,108.8,0.45,0.19,0.40,47.7,0.02,0.10,18.2,0.05,0.11,41.7,0.06,0.14,0.20,0.08,0.03,0.02,0.06,0.06,1.01,0.00,0.00,-0.17
Derrick Rose,NYK,34,27,12,15,337.9,0.45,0.18,0.47,38.4,0.06,0.19,30.2,0.03,0.04,91.7,0.02,0.09,0.12,0.14,0.07,0.02,0.01,0.05,0.84,0.00,0.00,-0.09
Dario Saric,OKC,29,57,26,31,806.0,0.45,0.16,0.34,45.8,0.06,0.14,39.1,0.08,0.09,82.9,0.07,0.19,0.26,0.09,0.07,0.02,0.01,0.12,0.93,2.00,0.00,0.05
AJ Green,MIL,23,35,27,8,344.9,0.45,0.15,0.36,42.4,0.13,0.30,41.9,0.01,0.01,100,0.02,0.11,0.13,0.06,0.03,0.02,0.00,0.09,0.72,0.00,0.00,-0.08
Luguentz Dort,OKC,24,74,36,38,2272.4,0.45,0.15,0.38,38.8,0.06,0.18,33.0,0.09,0.11,77.2,0.06,0.10,0.15,0.07,0.04,0.03,0.01,0.11,0.82,5.00,0.00,0.01
Tobias Harris,PHI,30,74,47,27,2435.9,0.45,0.17,0.35,50.1,0.05,0.13,38.9,0.05,0.05,87.6,0.03,0.15,0.17,0.08,0.04,0.03,0.02,0.06,0.87,7.00,0.00,0.12
Keita Bates-Diop,SAS,27,67,18,49,1452.6,0.45,0.16,0.32,50.8,0.04,0.10,39.4,0.08,0.10,79.3,0.04,0.13,0.17,0.07,0.04,0.03,0.01,0.04,0.85,0.00,0.00,-0.18
Precious Achiuwa,TOR,23,55,30,25,1140.5,0.45,0.17,0.35,48.5,0.03,0.09,26.9,0.08,0.11,70.2,0.09,0.20,0.29,0.04,0.05,0.03,0.03,0.09,0.96,10.00,0.00,-0.03
Scotty Pippen Jr.,LAL,22,6,1,5,31.5,0.44,0.13,0.38,33.3,0.03,0.10,33.3,0.16,0.29,55.6,0.06,0.06,0.13,0.06,0.06,0.06,0.03,0.10,0.91,0.00,0.00,-0.03
Shaedon Sharpe,POR,19,80,32,48,1778.6,0.44,0.17,0.36,47.2,0.06,0.16,36.0,0.04,0.06,71.4,0.04,0.10,0.13,0.05,0.05,0.02,0.01,0.08,0.74,0.00,0.00,-0.17
Jonathan Isaac,ORL,25,11,8,3,124.0,0.44,0.18,0.43,41.5,0.05,0.12,40.0,0.04,0.07,55.6,0.12,0.23,0.35,0.05,0.03,0.11,0.03,0.04,1.34,0.00,0.00,-0.15
Tre Jones,SAS,23,68,20,48,1983.7,0.44,0.17,0.37,45.9,0.02,0.08,28.5,0.07,0.09,86.0,0.03,0.10,0.12,0.23,0.06,0.04,0.00,0.05,1.02,6.00,2.00,-0.16
Scottie Barnes,TOR,21,77,38,39,2677.6,0.44,0.17,0.38,45.6,0.02,0.08,28.1,0.07,0.09,77.2,0.07,0.12,0.19,0.14,0.06,0.03,0.02,0.06,0.98,15.00,1.00,0.07
Danny Green,CLE,35,11,6,5,138.7,0.44,0.16,0.35,44.9,0.12,0.27,43.2,0.01,0.01,100,0.02,0.08,0.10,0.04,0.07,0.04,0.02,0.12,0.75,0.00,0.00,-0.12
Braxton Key,DET,26,3,0,3,9.1,0.44,0.11,0.11,100,0.00,0.00,0.0,0.22,0.22,100,0.00,0.11,0.11,0.00,0.00,0.00,0.00,0.00,0.57,0.00,0.00,-0.33
Daniel Gafford,WAS,24,78,32,46,1604.2,0.44,0.18,0.25,73.2,0.00,0.00,0.0,0.08,0.12,67.9,0.10,0.17,0.27,0.05,0.05,0.02,0.06,0.12,1.04,10.00,0.00,-0.06
Derrick White,BOS,28,82,57,25,2319.3,0.44,0.15,0.33,46.2,0.06,0.17,38.1,0.07,0.08,87.5,0.02,0.10,0.13,0.14,0.04,0.02,0.03,0.08,0.92,7.00,0.00,0.21
John Collins,ATL,25,71,37,34,2129.6,0.44,0.17,0.33,50.8,0.03,0.11,29.2,0.07,0.08,80.3,0.04,0.18,0.22,0.04,0.04,0.02,0.03,0.10,0.88,11.00,0.00,-0.01
Rudy Gobert,MIN,30,70,34,36,2148.5,0.44,0.17,0.25,65.9,0.00,0.00,0.0,0.10,0.16,64.4,0.11,0.27,0.38,0.04,0.06,0.03,0.04,0.10,1.11,35.00,0.00,0.00
Nick Richards,CHA,25,65,21,44,1217.7,0.44,0.16,0.26,62.9,0.00,0.00,100,0.11,0.15,74.9,0.12,0.22,0.34,0.03,0.05,0.01,0.06,0.13,1.05,14.00,0.00,-0.09
Tre Mann,OKC,22,67,31,36,1183.4,0.44,0.17,0.42,39.3,0.07,0.22,31.5,0.04,0.05,76.4,0.02,0.11,0.13,0.10,0.05,0.03,0.01,0.08,0.82,1.00,1.00,0.05
Isaiah Jackson,IND,21,63,24,39,1042.3,0.44,0.17,0.31,56.3,0.00,0.01,14.3,0.09,0.14,65.1,0.11,0.16,0.27,0.05,0.05,0.03,0.09,0.15,1.14,5.00,0.00,-0.12
Jarrett Allen,CLE,25,68,44,24,2220.1,0.44,0.18,0.28,64.4,0.00,0.00,10.0,0.07,0.10,73.3,0.10,0.20,0.30,0.05,0.04,0.02,0.04,0.07,1.02,32.00,0.00,0.16
Kelly Olynyk,UTA,32,68,28,40,1941.6,0.44,0.14,0.29,49.9,0.05,0.12,39.4,0.10,0.12,85.3,0.04,0.17,0.22,0.13,0.09,0.03,0.02,0.12,0.95,9.00,0.00,0.01
Kevin Knox II,POR,23,63,12,51,951.7,0.44,0.16,0.35,45.8,0.07,0.20,34.9,0.05,0.06,76.7,0.04,0.15,0.19,0.03,0.05,0.03,0.01,0.10,0.77,2.00,0.00,-0.24
Eric Gordon,LAC,34,69,25,44,1965.5,0.44,0.15,0.33,44.6,0.07,0.18,37.1,0.07,0.09,82.1,0.01,0.06,0.07,0.09,0.05,0.02,0.01,0.04,0.71,0.00,0.00,-0.11
Malaki Branham,SAS,19,66,15,51,1549.6,0.43,0.17,0.39,44.0,0.05,0.16,30.2,0.04,0.05,82.9,0.02,0.10,0.12,0.08,0.05,0.02,0.00,0.07,0.73,0.00,0.00,-0.23
Patty Mills,BKN,34,40,18,22,566.6,0.43,0.15,0.37,41.1,0.09,0.24,36.6,0.04,0.05,83.3,0.01,0.06,0.08,0.10,0.05,0.03,0.01,0.06,0.72,0.00,0.00,-0.12
Chris Paul,PHX,37,59,33,26,1888.6,0.43,0.16,0.35,44.0,0.05,0.14,37.5,0.07,0.08,83.1,0.01,0.12,0.13,0.28,0.06,0.05,0.01,0.07,1.13,17.00,0.00,0.04
Cedi Osman,CLE,28,77,48,29,1548.3,0.43,0.15,0.34,45.1,0.07,0.20,37.2,0.05,0.07,69.4,0.02,0.10,0.11,0.07,0.03,0.02,0.01,0.08,0.74,1.00,0.00,0.15
Jay Scrubb,ORL,22,2,1,1,30.1,0.43,0.17,0.23,71.4,0.07,0.07,100,0.03,0.07,50.0,0.00,0.20,0.20,0.03,0.10,0.07,0.00,0.07,0.82,0.00,0.00,-0.53
Eugene Omoruyi,DET,26,40,10,30,645.3,0.43,0.16,0.35,44.3,0.04,0.14,28.1,0.08,0.12,68.0,0.07,0.11,0.17,0.04,0.05,0.04,0.00,0.14,0.79,0.00,0.00,-0.06
Tari Eason,HOU,21,82,22,60,1767.2,0.43,0.17,0.37,44.8,0.03,0.10,34.3,0.06,0.08,75.2,0.11,0.17,0.28,0.05,0.06,0.05,0.03,0.11,1.03,7.00,0.00,-0.09
Gabe York,IND,29,3,1,2,55.8,0.43,0.14,0.38,38.1,0.11,0.32,33.3,0.04,0.04,100,0.00,0.11,0.11,0.09,0.00,0.04,0.00,0.09,0.80,0.00,0.00,0.43
Luka Samanic,UTA,23,7,2,5,160.8,0.43,0.16,0.35,45.6,0.05,0.19,25.8,0.06,0.08,69.2,0.00,0.19,0.19,0.09,0.06,0.04,0.01,0.11,0.88,0.00,0.00,-0.04
Landry Shamet,PHX,26,40,19,21,806.9,0.43,0.14,0.37,37.7,0.09,0.25,37.7,0.06,0.06,88.2,0.01,0.07,0.08,0.12,0.04,0.03,0.01,0.08,0.77,0.00,0.00,0.05
Simone Fontecchio,UTA,27,52,25,27,765.8,0.43,0.15,0.41,36.9,0.08,0.25,33.0,0.05,0.06,79.5,0.04,0.07,0.11,0.05,0.05,0.02,0.01,0.08,0.68,0.00,0.00,-0.27
Onyeka Okongwu,ATL,22,80,41,39,1848.6,0.43,0.17,0.27,63.8,0.00,0.01,30.8,0.08,0.11,78.1,0.12,0.19,0.31,0.04,0.04,0.03,0.06,0.14,1.09,12.00,0.00,0.03
Josh Richardson,NOP,29,65,24,41,1529.6,0.43,0.16,0.36,43.1,0.07,0.19,36.5,0.05,0.05,85.2,0.03,0.09,0.11,0.11,0.06,0.05,0.01,0.08,0.85,1.00,0.00,-0.11
Sam Merrill,CLE,26,5,4,1,58.5,0.43,0.15,0.38,40.9,0.09,0.31,27.8,0.03,0.03,100,0.00,0.15,0.15,0.09,0.00,0.07,0.00,0.05,0.95,0.00,0.00,-0.09
T.J. McConnell,IND,31,75,31,44,1526.4,0.43,0.19,0.34,54.3,0.02,0.04,44.1,0.04,0.04,85.3,0.03,0.12,0.15,0.26,0.09,0.05,0.01,0.07,1.09,6.00,1.00,-0.04
Tyus Jones,MEM,26,80,51,29,1939.4,0.42,0.16,0.37,43.8,0.06,0.17,37.1,0.04,0.05,80.6,0.01,0.09,0.10,0.22,0.04,0.04,0.00,0.02,0.97,9.00,1.00,0.05
Nic Claxton,BKN,24,76,41,35,2270.7,0.42,0.18,0.26,70.5,0.00,0.00,0.0,0.06,0.11,54.1,0.08,0.23,0.31,0.06,0.04,0.03,0.08,0.09,1.18,28.00,0.00,0.05
Georges Niang,PHI,29,78,51,27,1511.8,0.42,0.15,0.33,44.2,0.10,0.25,40.1,0.03,0.03,86.7,0.01,0.11,0.12,0.05,0.04,0.02,0.01,0.10,0.70,0.00,0.00,0.05
Jeremy Sochan,SAS,19,56,15,41,1457.7,0.42,0.17,0.38,45.3,0.02,0.09,24.6,0.06,0.08,69.8,0.07,0.14,0.20,0.10,0.07,0.03,0.02,0.09,0.88,2.00,0.00,-0.16
Bol Bol,ORL,23,70,26,44,1505.4,0.42,0.17,0.32,54.6,0.02,0.08,26.5,0.05,0.07,75.9,0.05,0.22,0.27,0.05,0.07,0.02,0.06,0.06,0.97,6.00,0.00,-0.10
Ron Harper Jr.,TOR,23,9,6,3,47.5,0.42,0.17,0.34,50.0,0.06,0.19,33.3,0.02,0.02,100,0.06,0.08,0.15,0.08,0.00,0.00,0.02,0.06,0.79,0.00,0.00,0.40
Jalen Suggs,ORL,21,53,20,33,1245.9,0.42,0.15,0.36,41.9,0.05,0.16,32.7,0.07,0.10,72.3,0.04,0.09,0.13,0.12,0.08,0.05,0.02,0.10,0.91,0.00,0.00,-0.03
Mo Bamba,LAL,24,49,25,24,768.4,0.42,0.15,0.31,48.5,0.06,0.16,38.7,0.05,0.08,66.1,0.08,0.22,0.29,0.06,0.04,0.02,0.06,0.14,1.04,2.00,0.00,0.01
Payton Pritchard,BOS,25,48,32,16,642.8,0.42,0.16,0.38,41.2,0.09,0.24,36.4,0.02,0.02,75.0,0.04,0.10,0.14,0.10,0.06,0.02,0.00,0.06,0.74,1.00,1.00,0.02
Jose Alvarado,NOP,25,61,30,31,1310.0,0.42,0.15,0.37,41.1,0.06,0.19,33.6,0.05,0.06,81.3,0.02,0.09,0.11,0.14,0.06,0.05,0.01,0.10,0.88,0.00,0.00,0.08
Goran Dragic,MIL,36,58,27,31,870.0,0.42,0.16,0.39,42.1,0.06,0.17,35.9,0.04,0.05,68.9,0.02,0.07,0.09,0.17,0.07,0.01,0.00,0.07,0.78,0.00,0.00,0.01
Davis Bertans,DAL,30,45,20,25,491.8,0.42,0.14,0.33,43.1,0.11,0.29,39.0,0.03,0.03,86.7,0.02,0.09,0.11,0.04,0.02,0.02,0.02,0.11,0.71,0.00,0.00,-0.08
Jeenathan Williams,POR,24,5,1,4,126.6,0.42,0.19,0.31,61.5,0.02,0.06,37.5,0.02,0.02,66.7,0.08,0.04,0.12,0.08,0.03,0.02,0.02,0.10,0.77,0.00,0.00,-0.30
Neemias Queta,SAC,23,5,1,4,28.7,0.42,0.21,0.31,66.7,0.00,0.00,0.0,0.00,0.07,0.0,0.17,0.21,0.38,0.03,0.03,0.00,0.07,0.24,1.10,0.00,0.00,-1.05
Reggie Jackson,DEN,33,68,36,32,1656.9,0.42,0.16,0.39,41.1,0.06,0.17,33.3,0.04,0.05,91.0,0.02,0.07,0.09,0.14,0.07,0.03,0.00,0.07,0.76,1.00,0.00,-0.05
Dennis Schroder,LAL,29,66,37,29,1985.9,0.42,0.14,0.33,41.5,0.04,0.11,32.9,0.11,0.13,85.7,0.01,0.07,0.08,0.15,0.06,0.03,0.01,0.07,0.78,2.00,0.00,0.06
Jae'Sean Tate,HOU,27,31,7,24,677.5,0.42,0.16,0.34,48.0,0.02,0.07,28.3,0.07,0.10,72.5,0.06,0.11,0.17,0.12,0.07,0.03,0.01,0.16,0.87,0.00,0.00,-0.14
Mason Plumlee,LAC,33,79,28,51,2052.9,0.42,0.16,0.24,68.0,0.00,0.00,0.0,0.10,0.15,63.6,0.11,0.23,0.34,0.12,0.06,0.02,0.02,0.11,1.08,23.00,0.00,-0.13
Quenton Jackson,WAS,24,9,3,6,134.6,0.42,0.14,0.31,45.2,0.01,0.09,8.3,0.13,0.16,77.3,0.01,0.04,0.06,0.11,0.03,0.03,0.01,0.07,0.74,0.00,0.00,-0.13
Luke Kennard,MEM,26,59,37,22,1315.1,0.42,0.14,0.29,49.2,0.10,0.20,49.4,0.03,0.03,94.9,0.01,0.11,0.12,0.07,0.03,0.02,0.00,0.06,0.71,0.00,0.00,0.16
Santi Aldama,MEM,22,77,47,30,1681.7,0.41,0.15,0.31,47.0,0.06,0.16,35.3,0.06,0.09,75.0,0.05,0.17,0.22,0.06,0.04,0.03,0.03,0.09,0.90,4.00,0.00,0.05
Taurean Prince,MIN,29,54,31,23,1192.5,0.41,0.15,0.32,46.7,0.06,0.16,38.1,0.05,0.06,84.4,0.01,0.10,0.11,0.07,0.06,0.02,0.01,0.10,0.70,0.00,0.00,0.00
Coby White,CHI,23,74,37,37,1730.2,0.41,0.15,0.34,44.3,0.07,0.20,37.2,0.04,0.04,87.1,0.01,0.11,0.12,0.12,0.04,0.03,0.00,0.07,0.80,1.00,0.00,0.08
Jabari Smith Jr.,HOU,19,79,21,58,2450.5,0.41,0.15,0.36,40.8,0.05,0.16,30.7,0.07,0.08,78.6,0.05,0.18,0.23,0.04,0.04,0.02,0.03,0.09,0.85,16.00,0.00,-0.23
Day'Ron Sharpe,BKN,21,48,22,26,552.5,0.41,0.17,0.31,54.4,0.01,0.02,54.5,0.06,0.10,63.6,0.18,0.18,0.36,0.07,0.08,0.03,0.06,0.16,1.12,2.00,0.00,-0.18
Nickeil Alexander-Walker,MIN,24,59,29,30,883.9,0.41,0.15,0.33,44.4,0.07,0.18,38.4,0.05,0.07,66.7,0.02,0.10,0.11,0.12,0.06,0.04,0.02,0.10,0.85,0.00,0.00,-0.06
Kevin Love,MIA,34,62,35,27,1239.5,0.41,0.13,0.34,38.9,0.08,0.24,33.4,0.06,0.07,87.9,0.05,0.27,0.32,0.09,0.06,0.01,0.01,0.08,0.95,6.00,0.00,0.09
Keegan Murray,SAC,22,80,47,33,2381.7,0.41,0.15,0.33,45.3,0.09,0.21,41.1,0.03,0.03,76.5,0.04,0.12,0.16,0.04,0.03,0.03,0.02,0.07,0.76,4.00,0.00,0.04
Jamal Cain,MIA,24,18,10,8,240.0,0.41,0.15,0.27,56.1,0.03,0.08,35.0,0.07,0.09,77.3,0.06,0.15,0.22,0.05,0.02,0.05,0.00,0.09,0.87,0.00,0.00,0.09
Shake Milton,PHI,26,76,52,24,1567.4,0.41,0.15,0.32,47.9,0.04,0.09,37.8,0.06,0.07,85.3,0.02,0.10,0.12,0.15,0.06,0.02,0.01,0.08,0.80,3.00,0.00,0.09
Aaron Nesmith,IND,23,73,30,43,1816.4,0.41,0.14,0.32,42.7,0.06,0.17,36.6,0.07,0.08,83.8,0.03,0.12,0.15,0.05,0.04,0.03,0.02,0.13,0.78,1.00,0.00,-0.12
Max Strus,MIA,27,80,42,38,2272.0,0.41,0.14,0.35,41.0,0.09,0.25,35.0,0.03,0.04,87.6,0.02,0.09,0.11,0.08,0.03,0.02,0.01,0.07,0.70,2.00,0.00,-0.06
Victor Oladipo,MIA,30,42,23,19,1105.6,0.41,0.14,0.36,39.7,0.06,0.19,33.0,0.05,0.07,74.7,0.01,0.10,0.12,0.13,0.08,0.05,0.01,0.09,0.85,0.00,0.00,-0.03
Mike Muscala,BOS,31,63,32,31,945.1,0.41,0.14,0.31,44.9,0.09,0.22,39.1,0.04,0.06,76.9,0.04,0.18,0.21,0.05,0.02,0.02,0.03,0.10,0.84,0.00,0.00,0.22
Bruce Brown,DEN,26,80,53,27,2279.5,0.40,0.16,0.33,48.3,0.04,0.11,35.8,0.05,0.07,75.8,0.03,0.12,0.14,0.12,0.05,0.04,0.02,0.08,0.88,3.00,1.00,0.01
Saben Lee,PHX,23,25,15,10,373.5,0.40,0.13,0.32,40.5,0.03,0.08,36.7,0.11,0.15,73.7,0.03,0.09,0.12,0.18,0.06,0.05,0.00,0.09,0.91,1.00,0.00,-0.08
Chris Duarte,IND,25,46,19,27,897.2,0.40,0.14,0.37,36.9,0.06,0.19,31.6,0.07,0.08,84.7,0.02,0.11,0.13,0.07,0.05,0.03,0.01,0.07,0.73,0.00,0.00,-0.13
Lindy Waters III,OKC,25,41,20,21,530.8,0.40,0.13,0.34,39.3,0.11,0.31,35.8,0.03,0.04,80.0,0.03,0.11,0.14,0.05,0.02,0.03,0.02,0.08,0.77,0.00,0.00,0.26
Peyton Watson,DEN,20,23,13,10,186.1,0.40,0.16,0.32,49.2,0.03,0.08,42.9,0.06,0.11,55.0,0.04,0.16,0.20,0.06,0.04,0.01,0.06,0.08,0.90,0.00,0.00,-0.25
R.J. Hampton,DET,22,47,9,38,749.6,0.40,0.14,0.32,43.0,0.05,0.15,35.3,0.08,0.10,75.0,0.02,0.09,0.12,0.07,0.06,0.04,0.01,0.07,0.74,0.00,0.00,-0.19
Devonte' Graham,SAS,28,73,31,42,1338.4,0.40,0.12,0.32,37.4,0.09,0.25,35.2,0.07,0.10,74.8,0.01,0.08,0.09,0.15,0.04,0.03,0.01,0.06,0.83,0.00,0.00,-0.12
Nikola Jovic,MIA,19,15,7,8,204.5,0.40,0.14,0.34,40.6,0.04,0.17,22.9,0.09,0.09,94.7,0.04,0.11,0.15,0.05,0.05,0.03,0.01,0.09,0.74,0.00,0.00,-0.08
Damion Lee,PHX,30,74,40,34,1506.3,0.40,0.13,0.30,44.2,0.07,0.16,44.5,0.06,0.07,90.4,0.03,0.12,0.15,0.07,0.05,0.02,0.00,0.08,0.70,0.00,0.00,0.05
Isaiah Stewart,DET,21,50,12,38,1414.1,0.40,0.14,0.31,44.2,0.05,0.14,32.7,0.08,0.11,73.8,0.08,0.20,0.28,0.05,0.05,0.01,0.02,0.09,0.88,13.00,0.00,-0.16
Caris LeVert,CLE,28,74,45,29,2237.3,0.40,0.14,0.33,43.1,0.06,0.14,39.2,0.06,0.08,72.2,0.02,0.10,0.13,0.13,0.05,0.03,0.01,0.08,0.82,1.00,0.00,0.09
Jeff Green,DEN,36,56,33,23,1091.1,0.40,0.15,0.30,48.8,0.03,0.10,28.8,0.08,0.11,74.4,0.03,0.10,0.13,0.06,0.04,0.02,0.02,0.09,0.71,0.00,0.00,-0.18
Marcus Morris Sr.,LAC,33,65,35,30,1825.1,0.40,0.15,0.35,42.6,0.06,0.17,36.5,0.04,0.05,78.2,0.02,0.13,0.14,0.06,0.03,0.02,0.01,0.07,0.74,2.00,0.00,-0.01
Sandro Mamukelashvili,SAS,23,43,23,20,659.7,0.40,0.15,0.35,42.2,0.05,0.15,30.3,0.06,0.09,68.4,0.11,0.17,0.28,0.09,0.05,0.02,0.02,0.08,0.94,2.00,0.00,-0.17
Walker Kessler,UTA,21,74,34,40,1703.2,0.40,0.17,0.24,72.0,0.00,0.00,33.3,0.05,0.09,51.6,0.14,0.23,0.36,0.04,0.03,0.02,0.10,0.10,1.21,20.00,0.00,0.04
Dalen Terry,CHI,20,38,19,19,213.9,0.40,0.15,0.34,44.4,0.03,0.13,25.9,0.07,0.10,66.7,0.06,0.12,0.17,0.10,0.04,0.05,0.02,0.11,0.95,0.00,0.00,0.06
Sam Hauser,BOS,25,80,55,25,1289.9,0.40,0.14,0.31,45.5,0.11,0.26,41.8,0.01,0.01,70.6,0.03,0.13,0.16,0.06,0.02,0.02,0.02,0.08,0.76,0.00,0.00,0.17
Furkan Korkmaz,PHI,25,37,24,13,353.5,0.40,0.14,0.31,43.2,0.05,0.13,39.1,0.07,0.10,72.2,0.02,0.10,0.12,0.06,0.07,0.03,0.01,0.05,0.67,0.00,0.00,0.01
Jalen McDaniels,PHI,25,80,31,49,1912.9,0.39,0.15,0.32,45.5,0.04,0.12,33.2,0.06,0.07,84.1,0.03,0.15,0.18,0.07,0.05,0.04,0.02,0.11,0.85,3.00,0.00,-0.08
Jaden McDaniels,MIN,22,79,41,38,2416.5,0.39,0.15,0.30,51.7,0.04,0.11,39.8,0.04,0.06,73.6,0.04,0.09,0.13,0.06,0.05,0.03,0.03,0.11,0.78,0.00,0.00,0.03
Aleksej Pokusevski,OKC,21,34,16,18,701.3,0.39,0.15,0.36,43.4,0.05,0.15,36.5,0.03,0.05,62.9,0.06,0.16,0.23,0.09,0.06,0.03,0.06,0.08,1.01,3.00,0.00,-0.28
Mike Conley,MIN,35,67,34,33,2028.1,0.39,0.13,0.30,42.8,0.07,0.17,38.5,0.07,0.08,83.4,0.02,0.07,0.09,0.22,0.05,0.04,0.01,0.07,0.91,6.00,0.00,0.03
Matt Ryan,MIN,26,34,15,19,310.2,0.39,0.13,0.35,37.0,0.10,0.27,38.1,0.03,0.04,83.3,0.01,0.07,0.08,0.05,0.02,0.02,0.00,0.09,0.61,0.00,0.00,0.07
Terrence Ross,PHX,32,63,27,36,1330.5,0.39,0.15,0.35,43.0,0.07,0.19,36.8,0.02,0.03,79.4,0.02,0.10,0.12,0.07,0.03,0.03,0.01,0.07,0.71,0.00,0.00,-0.06
Charles Bassey,SAS,22,35,9,26,507.9,0.39,0.17,0.27,64.4,0.01,0.02,37.5,0.04,0.07,59.5,0.15,0.23,0.38,0.09,0.08,0.03,0.06,0.15,1.20,0.00,0.00,-0.06
Corey Kispert,WAS,24,74,31,43,2093.3,0.39,0.14,0.28,49.7,0.08,0.18,42.4,0.04,0.04,85.2,0.02,0.08,0.10,0.04,0.03,0.02,0.00,0.05,0.61,0.00,0.00,-0.06
Josh Okogie,PHX,24,72,38,34,1350.6,0.39,0.12,0.31,39.1,0.05,0.15,33.5,0.10,0.14,72.4,0.08,0.11,0.19,0.08,0.05,0.04,0.03,0.08,0.88,2.00,0.00,0.08
Cam Reddish,POR,23,40,14,26,989.6,0.39,0.14,0.32,44.6,0.05,0.15,31.3,0.06,0.08,85.3,0.02,0.07,0.09,0.06,0.05,0.04,0.01,0.07,0.70,0.00,0.00,-0.20
Naji Marshall,NOP,25,77,40,37,1792.0,0.39,0.14,0.32,43.3,0.04,0.12,30.3,0.08,0.10,78.9,0.03,0.13,0.16,0.11,0.05,0.03,0.01,0.06,0.79,0.00,0.00,0.00
Trendon Watford,POR,22,62,26,36,1181.6,0.39,0.15,0.27,56.0,0.02,0.05,39.1,0.06,0.08,72.0,0.04,0.17,0.20,0.11,0.06,0.03,0.01,0.10,0.85,3.00,0.00,-0.15
Duncan Robinson,MIA,29,42,19,23,690.5,0.39,0.13,0.34,37.1,0.09,0.28,32.8,0.04,0.05,90.6,0.01,0.09,0.10,0.07,0.04,0.02,0.00,0.11,0.63,0.00,0.00,-0.08
Ochai Agbaji,UTA,23,59,29,30,1209.2,0.39,0.14,0.32,42.7,0.07,0.19,35.5,0.05,0.06,81.2,0.04,0.06,0.10,0.06,0.03,0.01,0.01,0.08,0.63,0.00,0.00,-0.02
Johnny Davis,WAS,21,28,10,18,422.6,0.39,0.16,0.40,38.6,0.04,0.17,24.3,0.03,0.06,51.9,0.02,0.13,0.15,0.07,0.04,0.02,0.02,0.11,0.76,0.00,0.00,-0.13
Michael Carter-Williams,ORL,31,4,1,3,44.5,0.38,0.13,0.31,42.9,0.02,0.07,33.3,0.09,0.16,57.1,0.02,0.09,0.11,0.16,0.09,0.02,0.02,0.11,0.80,0.00,0.00,-0.58
Jaxson Hayes,NOP,22,47,22,25,610.1,0.38,0.14,0.26,55.1,0.00,0.05,10.3,0.10,0.14,69.9,0.06,0.15,0.22,0.06,0.05,0.03,0.03,0.11,0.87,0.00,0.00,-0.11
Will Barton,TOR,32,56,27,29,993.0,0.38,0.14,0.37,37.9,0.07,0.18,36.7,0.04,0.05,78.7,0.02,0.12,0.14,0.11,0.05,0.03,0.01,0.06,0.79,0.00,0.00,-0.17
Terance Mann,LAC,26,81,44,37,1872.2,0.38,0.15,0.28,51.9,0.04,0.11,38.9,0.05,0.06,78.0,0.04,0.11,0.15,0.10,0.04,0.02,0.01,0.08,0.76,1.00,0.00,0.00
Zeke Nnaji,DEN,22,53,34,19,727.8,0.38,0.15,0.27,56.1,0.02,0.09,26.2,0.05,0.09,64.5,0.09,0.10,0.19,0.02,0.04,0.02,0.03,0.14,0.77,1.00,0.00,-0.13
Grayson Allen,MIL,27,72,53,19,1972.1,0.38,0.12,0.28,44.0,0.07,0.19,39.9,0.06,0.06,90.5,0.03,0.09,0.12,0.08,0.04,0.03,0.01,0.06,0.73,0.00,0.00,0.12
Paul Reed,PHI,23,69,44,25,755.2,0.38,0.16,0.28,59.3,0.00,0.01,16.7,0.05,0.07,74.5,0.15,0.20,0.35,0.04,0.06,0.06,0.07,0.16,1.17,5.00,0.00,-0.02
MarJon Beauchamp,MIL,22,52,34,18,701.4,0.38,0.14,0.35,39.5,0.07,0.20,33.1,0.04,0.05,73.0,0.05,0.11,0.16,0.05,0.06,0.03,0.01,0.10,0.71,0.00,0.00,-0.14
Jalen Johnson,ATL,21,70,35,35,1041.6,0.38,0.15,0.31,49.1,0.03,0.10,28.8,0.05,0.07,62.8,0.05,0.22,0.27,0.08,0.04,0.04,0.03,0.11,0.99,1.00,0.00,-0.01
Frank Kaminsky,HOU,30,36,13,23,234.9,0.38,0.13,0.27,49.2,0.06,0.14,39.4,0.06,0.07,87.5,0.03,0.19,0.22,0.14,0.04,0.03,0.02,0.09,0.94,0.00,0.00,-0.02
Ty Jerome,GSW,25,45,22,23,815.6,0.38,0.14,0.30,48.8,0.04,0.11,38.9,0.05,0.05,92.7,0.01,0.09,0.10,0.17,0.04,0.03,0.01,0.08,0.81,0.00,0.00,-0.11
Meyers Leonard,MIL,31,9,6,3,113.7,0.38,0.12,0.25,48.3,0.06,0.16,38.9,0.07,0.08,88.9,0.11,0.19,0.30,0.01,0.05,0.02,0.00,0.14,0.75,1.00,0.00,-0.24
Bruno Fernando,ATL,24,39,13,26,405.1,0.38,0.15,0.28,52.7,0.00,0.01,0.0,0.09,0.12,70.0,0.13,0.20,0.34,0.08,0.06,0.01,0.08,0.18,1.13,1.00,0.00,-0.19
Ivica Zubac,LAC,26,76,43,33,2169.4,0.38,0.15,0.24,63.4,0.00,0.00,0.0,0.08,0.11,69.7,0.11,0.24,0.35,0.04,0.05,0.01,0.05,0.10,0.97,27.00,0.00,-0.02
Quentin Grimes,NYK,22,71,41,30,2120.9,0.38,0.13,0.28,46.8,0.07,0.19,38.6,0.04,0.05,79.6,0.02,0.08,0.11,0.07,0.03,0.02,0.01,0.08,0.68,0.00,0.00,0.09
Robin Lopez,CLE,35,37,25,12,298.5,0.38,0.16,0.25,64.0,0.01,0.01,50.0,0.05,0.06,77.8,0.08,0.09,0.17,0.06,0.08,0.01,0.03,0.14,0.69,0.00,0.00,-0.19
Monte Morris,WAS,27,62,28,34,1696.1,0.37,0.15,0.30,48.0,0.05,0.12,38.2,0.04,0.05,83.1,0.02,0.11,0.12,0.19,0.04,0.03,0.01,0.04,0.88,2.00,0.00,0.00
Johnny Juzang,UTA,22,18,6,12,232.3,0.37,0.15,0.45,33.7,0.06,0.27,23.8,0.01,0.02,50.0,0.03,0.13,0.17,0.03,0.01,0.02,0.01,0.06,0.71,0.00,0.00,-0.37
Ziaire Williams,MEM,21,37,21,16,560.8,0.37,0.15,0.35,42.9,0.04,0.17,25.8,0.03,0.04,77.3,0.03,0.11,0.14,0.06,0.07,0.02,0.01,0.10,0.68,0.00,0.00,-0.14
Garrison Mathews,ATL,26,54,16,38,686.3,0.37,0.11,0.29,36.3,0.09,0.26,35.0,0.07,0.08,90.6,0.02,0.09,0.11,0.04,0.03,0.03,0.01,0.09,0.66,0.00,0.00,-0.13
Udonis Haslem,MIA,42,7,4,3,72.1,0.37,0.14,0.40,34.5,0.04,0.12,33.3,0.06,0.07,80.0,0.06,0.10,0.15,0.00,0.01,0.01,0.03,0.15,0.67,0.00,0.00,-0.35
Richaun Holmes,SAC,29,42,22,20,347.6,0.37,0.16,0.26,61.8,0.01,0.02,62.5,0.04,0.05,78.9,0.08,0.15,0.23,0.03,0.04,0.01,0.03,0.14,0.77,1.00,0.00,-0.20
Trevor Keels,NYK,19,3,3,0,8.0,0.37,0.12,0.50,25.0,0.12,0.50,25.0,0.00,0.00,0.0,0.00,0.25,0.25,0.00,0.00,0.00,0.00,0.00,0.67,0.00,0.00,-2.24
David Duke Jr.,BKN,23,23,10,13,228.0,0.37,0.16,0.34,46.2,0.00,0.05,8.3,0.05,0.07,70.6,0.05,0.08,0.13,0.09,0.08,0.04,0.00,0.14,0.73,0.00,0.00,-0.15
Markieff Morris,DAL,33,35,17,18,355.1,0.37,0.13,0.32,40.9,0.08,0.20,39.4,0.03,0.03,100,0.04,0.16,0.20,0.09,0.05,0.03,0.01,0.14,0.81,1.00,0.00,0.03
Stanley Johnson,SAS,26,30,5,25,469.5,0.37,0.14,0.26,53.3,0.04,0.09,45.0,0.06,0.08,66.7,0.05,0.16,0.20,0.14,0.07,0.03,0.01,0.10,0.90,0.00,0.00,-0.20
Ryan Rollins,GSW,20,12,5,7,62.1,0.37,0.11,0.32,35.0,0.05,0.14,33.3,0.10,0.10,100,0.05,0.14,0.19,0.10,0.26,0.02,0.02,0.16,0.59,0.00,0.00,-0.76
James Bouknight,CHA,22,34,9,25,515.5,0.37,0.13,0.37,35.8,0.06,0.21,30.3,0.04,0.06,66.7,0.02,0.12,0.14,0.08,0.06,0.03,0.01,0.10,0.71,0.00,0.00,-0.19
David Roddy,MEM,22,70,44,26,1258.5,0.37,0.14,0.33,42.9,0.05,0.17,30.7,0.03,0.05,63.1,0.04,0.11,0.15,0.05,0.05,0.02,0.02,0.09,0.69,0.00,0.00,-0.05
Robert Covington,LAC,32,48,20,28,778.6,0.37,0.13,0.29,44.5,0.07,0.17,39.7,0.04,0.05,75.0,0.04,0.17,0.21,0.07,0.04,0.05,0.04,0.11,0.97,0.00,0.00,-0.01
Moses Moody,GSW,20,63,37,26,817.1,0.37,0.13,0.28,47.6,0.06,0.17,36.3,0.05,0.06,69.8,0.03,0.09,0.13,0.06,0.04,0.02,0.01,0.07,0.67,0.00,0.00,-0.01
Aaron Wiggins,OKC,24,70,37,33,1297.4,0.37,0.14,0.28,51.2,0.04,0.09,39.3,0.05,0.05,83.1,0.05,0.11,0.16,0.06,0.04,0.03,0.01,0.08,0.74,1.00,0.00,0.01
Jordan Goodwin,WAS,24,62,22,40,1105.4,0.37,0.14,0.32,44.8,0.03,0.11,32.2,0.05,0.06,76.8,0.05,0.13,0.19,0.15,0.05,0.05,0.02,0.09,1.00,0.00,0.00,-0.11
Joe Harris,BKN,31,74,40,34,1527.2,0.37,0.13,0.29,45.7,0.09,0.22,42.6,0.01,0.02,64.3,0.02,0.09,0.11,0.07,0.03,0.02,0.01,0.09,0.66,0.00,0.00,-0.02
Isaiah Mobley,CLE,23,12,8,4,84.2,0.37,0.14,0.33,42.9,0.04,0.09,37.5,0.05,0.05,100,0.05,0.19,0.24,0.04,0.01,0.05,0.04,0.09,0.94,0.00,0.00,0.37
Nassir Little,POR,23,54,22,32,976.1,0.37,0.14,0.31,44.2,0.06,0.16,36.7,0.03,0.05,71.7,0.03,0.12,0.14,0.05,0.04,0.02,0.02,0.07,0.70,0.00,0.00,-0.19
Oshae Brissett,IND,24,65,27,38,1083.2,0.37,0.11,0.29,38.6,0.04,0.14,31.0,0.10,0.13,71.7,0.06,0.14,0.20,0.04,0.03,0.03,0.01,0.07,0.77,1.00,0.00,0.02
Shaquille Harrison,LAL,29,5,1,4,119.9,0.37,0.13,0.30,41.7,0.03,0.08,30.0,0.09,0.13,73.3,0.01,0.18,0.18,0.25,0.05,0.09,0.02,0.10,1.24,1.00,0.00,-0.01
Jalen Duren,DET,19,67,16,51,1670.1,0.37,0.15,0.24,64.8,0.00,0.00,0.0,0.06,0.09,61.1,0.14,0.22,0.36,0.04,0.06,0.03,0.04,0.11,0.99,19.00,0.00,-0.17
Goga Bitadze,ORL,23,38,13,25,456.8,0.37,0.15,0.27,55.2,0.01,0.06,23.1,0.05,0.09,54.8,0.13,0.17,0.30,0.09,0.05,0.04,0.06,0.14,1.08,2.00,0.00,0.06
Jae Crowder,MIL,32,18,13,5,339.7,0.37,0.13,0.28,47.9,0.07,0.16,43.6,0.03,0.04,83.3,0.05,0.15,0.20,0.08,0.02,0.04,0.02,0.08,0.87,0.00,0.00,0.00
Killian Hayes,DET,21,76,16,60,2153.6,0.36,0.14,0.38,37.7,0.04,0.13,28.0,0.04,0.05,82.1,0.01,0.09,0.10,0.22,0.08,0.05,0.01,0.10,0.92,6.00,0.00,-0.23
Gabe Vincent,MIA,26,68,37,31,1758.7,0.36,0.13,0.32,40.2,0.07,0.20,33.4,0.04,0.04,87.2,0.02,0.07,0.08,0.09,0.05,0.04,0.00,0.09,0.67,0.00,0.00,-0.02
Darius Bazley,PHX,22,43,19,24,616.2,0.36,0.13,0.30,45.4,0.03,0.09,37.7,0.06,0.11,54.3,0.06,0.17,0.22,0.06,0.04,0.04,0.06,0.07,0.95,0.00,0.00,-0.11
Xavier Tillman,MEM,24,61,40,21,1180.1,0.36,0.16,0.26,61.4,0.00,0.01,26.7,0.04,0.08,55.1,0.10,0.16,0.26,0.08,0.04,0.05,0.02,0.08,0.98,4.00,0.00,0.00
Wenyen Gabriel,LAL,26,68,37,31,1023.8,0.36,0.15,0.25,59.6,0.01,0.04,27.8,0.05,0.08,61.9,0.11,0.17,0.28,0.04,0.04,0.03,0.03,0.14,0.89,0.00,0.00,-0.03
Isaiah Roby,NYK,25,42,9,33,473.6,0.36,0.14,0.33,43.2,0.04,0.13,30.0,0.04,0.09,48.8,0.04,0.18,0.23,0.08,0.07,0.04,0.01,0.11,0.85,0.00,0.00,-0.23
De'Anthony Melton,PHI,24,77,50,27,2149.8,0.36,0.13,0.30,42.5,0.07,0.19,39.0,0.03,0.04,79.3,0.03,0.11,0.15,0.09,0.05,0.06,0.02,0.09,0.86,0.00,0.00,0.05
Evan Fournier,NYK,30,27,15,12,458.7,0.36,0.12,0.36,33.7,0.08,0.25,30.7,0.04,0.05,85.7,0.01,0.10,0.11,0.08,0.05,0.03,0.01,0.10,0.68,0.00,0.00,-0.12
Jevon Carter,MIL,27,81,57,24,1811.8,0.36,0.13,0.31,42.3,0.08,0.19,42.1,0.02,0.02,81.6,0.02,0.09,0.11,0.11,0.04,0.04,0.02,0.09,0.77,1.00,0.00,0.03
Marcus Smart,BOS,29,61,43,18,1956.8,0.36,0.13,0.31,41.5,0.06,0.17,33.6,0.04,0.06,74.6,0.02,0.07,0.10,0.20,0.07,0.05,0.01,0.09,0.87,6.00,0.00,0.12
Rudy Gay,UTA,36,56,29,27,815.6,0.36,0.13,0.35,37.8,0.04,0.16,25.2,0.05,0.06,85.7,0.04,0.16,0.20,0.07,0.05,0.02,0.02,0.08,0.79,0.00,0.00,0.07
Jeremiah Robinson-Earl,OKC,22,43,16,27,813.7,0.36,0.14,0.30,44.4,0.05,0.14,33.3,0.04,0.05,83.3,0.09,0.13,0.22,0.05,0.02,0.03,0.01,0.09,0.81,1.00,0.00,-0.01
Patrick Williams,CHI,21,82,40,42,2322.8,0.36,0.14,0.29,46.4,0.05,0.12,41.5,0.04,0.05,85.7,0.03,0.11,0.14,0.04,0.04,0.03,0.03,0.06,0.73,1.00,0.00,-0.06
Kyle Lowry,MIA,37,55,30,25,1717.7,0.36,0.11,0.28,40.4,0.06,0.18,34.5,0.07,0.08,85.9,0.03,0.11,0.13,0.16,0.06,0.03,0.01,0.08,0.84,2.00,1.00,0.03
Donte DiVincenzo,GSW,26,72,42,30,1894.4,0.36,0.12,0.29,43.5,0.08,0.20,39.7,0.03,0.04,81.7,0.04,0.13,0.17,0.13,0.06,0.05,0.01,0.07,0.87,4.00,0.00,0.07
Xavier Moon,LAC,28,4,2,2,19.6,0.36,0.15,0.46,33.3,0.05,0.15,33.3,0.00,0.00,0.0,0.00,0.15,0.15,0.26,0.05,0.00,0.00,0.10,0.87,0.00,0.00,0.15
Carlik Jones,CHI,25,7,4,3,56.0,0.36,0.11,0.27,40.0,0.05,0.11,50.0,0.09,0.14,62.5,0.02,0.07,0.09,0.11,0.04,0.04,0.00,0.04,0.70,0.00,0.00,0.46
Derrick Jones Jr.,CHI,26,64,29,35,893.4,0.36,0.13,0.26,50.0,0.03,0.09,33.8,0.07,0.09,73.8,0.07,0.10,0.17,0.04,0.03,0.03,0.04,0.10,0.81,0.00,0.00,0.14
Malachi Flynn,TOR,24,53,29,24,690.8,0.36,0.13,0.35,36.0,0.07,0.19,35.3,0.04,0.05,75.8,0.02,0.09,0.11,0.10,0.04,0.03,0.01,0.09,0.71,0.00,0.00,-0.06
Serge Ibaka,MIL,33,16,11,5,185.4,0.36,0.14,0.29,48.1,0.03,0.10,33.3,0.04,0.07,61.5,0.08,0.16,0.24,0.02,0.06,0.01,0.04,0.12,0.76,0.00,0.00,-0.13
Josh Green,DAL,22,60,27,33,1539.2,0.35,0.13,0.25,53.7,0.04,0.11,40.2,0.04,0.06,72.3,0.04,0.08,0.12,0.07,0.05,0.03,0.00,0.10,0.64,1.00,0.00,0.05
Xavier Sneed,CHA,25,4,0,4,48.2,0.35,0.10,0.21,50.0,0.06,0.12,50.0,0.08,0.08,100,0.00,0.10,0.10,0.10,0.06,0.00,0.02,0.15,0.63,0.00,0.00,-0.58
Kenrich Williams,OKC,28,53,26,27,1206.0,0.35,0.15,0.29,51.7,0.04,0.11,37.3,0.01,0.03,43.6,0.08,0.14,0.22,0.09,0.03,0.04,0.01,0.09,0.86,2.00,0.00,0.06
Romeo Langford,SAS,23,43,14,29,844.3,0.35,0.14,0.31,46.7,0.02,0.07,26.2,0.05,0.07,69.6,0.07,0.07,0.14,0.06,0.04,0.03,0.02,0.08,0.70,0.00,0.00,-0.21
Taj Gibson,WAS,37,49,21,28,480.4,0.35,0.14,0.26,52.0,0.02,0.05,33.3,0.06,0.09,71.4,0.07,0.13,0.19,0.07,0.05,0.03,0.02,0.17,0.80,0.00,0.00,-0.01
Rodney McGruder,DET,31,32,4,28,523.9,0.35,0.12,0.29,40.8,0.08,0.19,42.3,0.03,0.04,81.8,0.04,0.10,0.14,0.05,0.02,0.03,0.00,0.07,0.68,0.00,0.00,-0.08
Jabari Walker,POR,20,56,21,35,619.2,0.35,0.13,0.32,41.9,0.03,0.09,28.6,0.05,0.07,75.6,0.08,0.13,0.21,0.05,0.05,0.02,0.02,0.11,0.75,0.00,0.00,-0.19
Udoka Azubuike,UTA,23,36,17,19,358.5,0.35,0.16,0.20,81.9,0.00,0.00,0.0,0.02,0.06,35.0,0.09,0.25,0.33,0.03,0.05,0.02,0.04,0.09,0.92,0.00,0.00,-0.23
Cory Joseph,DET,31,62,12,50,1227.4,0.35,0.12,0.29,42.7,0.06,0.15,38.9,0.05,0.06,79.2,0.02,0.07,0.09,0.18,0.05,0.03,0.01,0.07,0.78,0.00,0.00,-0.09
Anthony Lamb,GSW,25,62,36,26,1195.0,0.35,0.12,0.26,47.1,0.06,0.17,36.7,0.04,0.05,76.7,0.05,0.13,0.18,0.08,0.05,0.02,0.02,0.11,0.76,0.00,0.00,0.03
Dwight Powell,DAL,31,76,37,39,1457.9,0.35,0.14,0.18,73.2,0.00,0.00,0.0,0.08,0.12,66.7,0.10,0.11,0.22,0.05,0.04,0.03,0.02,0.14,0.78,1.00,0.00,0.11
Yuta Watanabe,BKN,28,58,30,28,927.8,0.35,0.12,0.25,49.1,0.06,0.15,44.4,0.04,0.05,72.3,0.03,0.12,0.15,0.05,0.02,0.03,0.02,0.09,0.72,0.00,0.00,-0.01
Theo Maledon,CHA,21,44,14,30,853.7,0.35,0.12,0.30,40.2,0.03,0.11,29.5,0.07,0.09,85.1,0.02,0.13,0.14,0.18,0.07,0.04,0.01,0.07,0.89,1.00,0.00,-0.17
Kentavious Caldwell-Pope,DEN,30,76,51,25,2381.2,0.35,0.12,0.27,46.2,0.06,0.13,42.3,0.04,0.05,82.4,0.01,0.07,0.09,0.08,0.04,0.05,0.01,0.06,0.71,0.00,0.00,0.21
Deni Avdija,WAS,22,76,33,43,2020.4,0.34,0.13,0.29,43.7,0.03,0.11,29.7,0.06,0.08,73.9,0.04,0.20,0.24,0.10,0.06,0.03,0.01,0.10,0.87,11.00,0.00,-0.03
Dereon Seabron,NOP,22,5,2,3,11.6,0.34,0.17,0.43,40.0,0.00,0.00,0.0,0.00,0.00,0.0,0.09,0.00,0.09,0.00,0.00,0.00,0.00,0.09,0.45,0.00,0.00,0.86
Javonte Green,CHI,29,32,13,19,480.3,0.34,0.13,0.22,56.5,0.03,0.07,37.1,0.06,0.09,66.7,0.06,0.13,0.18,0.05,0.04,0.05,0.04,0.11,0.87,0.00,0.00,0.10
Admiral Schofield,ORL,26,37,14,23,451.3,0.34,0.12,0.27,45.1,0.05,0.16,32.4,0.05,0.05,91.3,0.05,0.09,0.14,0.07,0.04,0.02,0.01,0.14,0.66,0.00,0.00,-0.18
Andrew Nembhard,IND,23,75,32,43,2073.5,0.34,0.14,0.31,44.1,0.04,0.13,35.0,0.02,0.03,79.0,0.02,0.08,0.10,0.16,0.06,0.03,0.01,0.09,0.76,5.00,0.00,-0.13
Dennis Smith Jr.,CHA,25,54,19,35,1389.8,0.34,0.13,0.33,41.2,0.02,0.08,21.6,0.06,0.08,73.6,0.02,0.10,0.12,0.19,0.06,0.05,0.02,0.09,0.92,1.00,0.00,-0.05
McKinley Wright IV,DAL,24,27,14,13,335.0,0.34,0.14,0.29,46.9,0.03,0.08,32.1,0.04,0.06,68.4,0.03,0.11,0.14,0.17,0.06,0.02,0.01,0.07,0.83,0.00,0.00,-0.33
DeAndre Jordan,DEN,34,39,23,16,585.9,0.34,0.15,0.20,76.5,0.00,0.00,100,0.04,0.08,45.8,0.09,0.26,0.34,0.06,0.08,0.02,0.04,0.12,0.94,2.00,0.00,-0.20
Ousmane Dieng,OKC,19,39,20,19,568.7,0.34,0.13,0.32,42.0,0.05,0.17,26.5,0.03,0.04,65.2,0.03,0.15,0.18,0.08,0.05,0.02,0.01,0.07,0.75,0.00,0.00,0.07
Robert Williams III,BOS,25,35,24,11,823.5,0.34,0.15,0.21,74.7,0.00,0.00,0.0,0.03,0.05,61.0,0.13,0.23,0.35,0.06,0.04,0.03,0.06,0.08,1.07,6.00,0.00,0.21
Jordan Hall,SAS,21,9,1,8,82.7,0.34,0.11,0.34,32.1,0.04,0.18,20.0,0.08,0.11,77.8,0.04,0.11,0.15,0.13,0.08,0.01,0.00,0.07,0.66,0.00,0.00,-0.29
Keon Ellis,SAC,23,16,7,9,70.9,0.34,0.10,0.23,43.8,0.08,0.17,50.0,0.06,0.10,57.1,0.06,0.06,0.11,0.08,0.01,0.07,0.01,0.14,0.84,0.00,0.00,-0.30
Gorgui Dieng,SAS,33,31,3,28,358.1,0.34,0.13,0.33,38.5,0.06,0.21,28.0,0.03,0.04,76.9,0.08,0.22,0.30,0.15,0.09,0.01,0.04,0.16,0.98,2.00,0.00,-0.42
Terry Taylor,CHI,23,31,13,18,263.4,0.34,0.15,0.28,52.0,0.02,0.07,26.3,0.02,0.04,54.5,0.10,0.08,0.18,0.04,0.03,0.01,0.02,0.10,0.68,0.00,0.00,0.07
Chance Comanche,POR,27,1,0,1,20.8,0.34,0.14,0.24,60.0,0.00,0.00,0.0,0.05,0.19,25.0,0.10,0.05,0.14,0.00,0.00,0.00,0.05,0.00,0.65,0.00,0.00,-1.40
Gary Harris,ORL,28,48,22,26,1184.4,0.34,0.12,0.26,45.0,0.08,0.18,43.1,0.02,0.03,90.0,0.02,0.07,0.08,0.05,0.02,0.04,0.01,0.08,0.63,0.00,0.00,-0.07
TyTy Washington Jr.,HOU,21,31,6,25,432.7,0.34,0.13,0.37,36.3,0.04,0.18,23.8,0.02,0.04,55.6,0.00,0.10,0.10,0.11,0.03,0.03,0.00,0.07,0.71,0.00,0.00,-0.11
Vlatko Cancar,DEN,26,60,38,22,889.0,0.33,0.12,0.26,47.6,0.05,0.13,37.4,0.04,0.05,92.7,0.03,0.12,0.14,0.09,0.04,0.02,0.02,0.09,0.72,1.00,0.00,-0.07
Herbert Jones,NOP,24,66,31,35,1950.5,0.33,0.12,0.26,46.9,0.03,0.09,33.5,0.06,0.08,76.4,0.05,0.09,0.14,0.08,0.05,0.05,0.02,0.11,0.80,0.00,0.00,0.08
Bryn Forbes,MIN,29,25,9,16,267.7,0.33,0.11,0.31,36.1,0.05,0.17,30.4,0.06,0.06,100,0.01,0.04,0.06,0.06,0.04,0.03,0.01,0.08,0.55,0.00,0.00,-0.18
Danuel House Jr.,PHI,29,56,38,18,807.0,0.33,0.12,0.24,47.2,0.05,0.14,33.6,0.06,0.07,75.0,0.01,0.11,0.12,0.05,0.03,0.02,0.01,0.09,0.61,0.00,0.00,-0.02
Jason Preston,LAC,23,14,4,10,123.8,0.33,0.15,0.33,43.9,0.04,0.15,27.8,0.00,0.02,0.0,0.02,0.16,0.18,0.22,0.08,0.02,0.00,0.06,0.84,0.00,0.00,-0.09
Kyle Anderson,MIN,29,69,36,33,1956.6,0.33,0.13,0.25,50.9,0.02,0.05,41.0,0.05,0.07,73.5,0.03,0.15,0.19,0.17,0.05,0.04,0.03,0.07,0.98,10.00,3.00,0.05
Jarred Vanderbilt,LAL,24,78,43,35,1879.7,0.33,0.13,0.24,54.8,0.02,0.05,32.2,0.05,0.07,69.1,0.09,0.22,0.31,0.10,0.05,0.04,0.01,0.10,0.96,10.00,0.00,-0.05
Caleb Martin,MIA,27,71,38,33,2077.7,0.33,0.12,0.26,46.4,0.04,0.11,35.6,0.04,0.05,80.5,0.04,0.12,0.17,0.06,0.04,0.03,0.01,0.07,0.72,2.00,0.00,0.00
Ayo Dosunmu,CHI,23,80,40,40,2097.6,0.33,0.13,0.27,49.3,0.03,0.09,31.2,0.03,0.04,80.5,0.02,0.08,0.10,0.10,0.05,0.03,0.01,0.09,0.68,0.00,0.00,-0.04
Drew Eubanks,POR,26,78,31,47,1583.7,0.33,0.14,0.21,64.1,0.00,0.01,38.9,0.05,0.08,66.4,0.08,0.18,0.26,0.07,0.04,0.03,0.06,0.11,0.97,3.00,0.00,-0.08
Luke Kornet,BOS,27,69,45,24,804.1,0.32,0.14,0.21,66.5,0.00,0.02,23.1,0.04,0.05,82.1,0.11,0.14,0.24,0.07,0.03,0.01,0.06,0.10,0.90,0.00,0.00,0.08
Mamadi Diakite,CLE,26,22,15,7,175.9,0.32,0.14,0.28,48.0,0.04,0.12,33.3,0.01,0.01,100,0.05,0.13,0.17,0.05,0.07,0.02,0.05,0.15,0.75,0.00,0.00,-0.05
Pat Connaughton,MIL,30,61,43,18,1442.7,0.32,0.11,0.29,39.2,0.08,0.22,33.9,0.02,0.03,65.9,0.03,0.16,0.20,0.05,0.02,0.03,0.01,0.05,0.72,2.00,0.00,0.09
Jarrett Culver,ATL,24,10,5,5,136.9,0.32,0.12,0.31,39.5,0.01,0.09,8.3,0.07,0.09,69.2,0.07,0.20,0.28,0.04,0.05,0.04,0.01,0.10,0.84,0.00,0.00,-0.14
Justin Champagnie,BOS,21,5,4,1,34.3,0.32,0.15,0.44,33.3,0.03,0.15,20.0,0.00,0.00,0.0,0.09,0.15,0.23,0.12,0.00,0.03,0.00,0.06,0.86,0.00,0.00,-0.12
Al Horford,BOS,36,63,44,19,1921.4,0.32,0.12,0.25,47.6,0.08,0.17,44.6,0.01,0.01,71.4,0.04,0.16,0.20,0.10,0.02,0.02,0.03,0.06,0.83,7.00,0.00,0.16
Tyrese Martin,ATL,24,16,10,6,65.5,0.32,0.14,0.35,39.1,0.02,0.11,14.3,0.03,0.03,100,0.08,0.11,0.18,0.03,0.03,0.02,0.00,0.03,0.60,0.00,0.00,0.02
Larry Nance Jr.,NOP,30,65,34,31,1380.8,0.32,0.13,0.22,61.0,0.01,0.03,33.3,0.04,0.06,69.6,0.08,0.18,0.26,0.09,0.03,0.04,0.03,0.10,0.93,3.00,0.00,0.13
Steven Adams,MEM,29,42,28,14,1133.3,0.32,0.14,0.23,59.7,0.00,0.00,0.0,0.04,0.11,36.4,0.19,0.24,0.43,0.09,0.07,0.03,0.04,0.09,1.11,15.00,0.00,0.21
Jack White,DEN,25,17,13,4,66.0,0.32,0.12,0.29,42.1,0.05,0.14,33.3,0.03,0.05,66.7,0.09,0.17,0.26,0.06,0.03,0.05,0.03,0.14,0.91,0.00,0.00,-0.26
Trevor Hudgins,HOU,24,5,0,5,28.3,0.32,0.07,0.32,22.2,0.07,0.28,25.0,0.11,0.11,100,0.00,0.00,0.00,0.11,0.04,0.00,0.00,0.04,0.44,0.00,0.00,0.11
Olivier Sarr,OKC,24,9,5,4,113.6,0.32,0.13,0.26,50.0,0.01,0.07,12.5,0.04,0.06,71.4,0.11,0.17,0.27,0.04,0.04,0.01,0.04,0.15,0.82,1.00,0.00,0.12
Jaylin Williams,OKC,20,49,23,26,914.2,0.32,0.11,0.26,43.6,0.05,0.12,40.7,0.04,0.06,70.4,0.05,0.22,0.26,0.08,0.04,0.03,0.01,0.12,0.85,0.00,0.00,-0.10
James Johnson,IND,36,18,7,11,162.4,0.31,0.14,0.30,44.9,0.02,0.09,20.0,0.02,0.05,50.0,0.02,0.16,0.18,0.09,0.05,0.04,0.04,0.20,0.87,0.00,0.00,-0.04
Grant Williams,BOS,24,79,55,24,2044.8,0.31,0.11,0.23,45.4,0.06,0.14,39.5,0.05,0.06,77.0,0.04,0.13,0.18,0.06,0.04,0.02,0.02,0.09,0.69,3.00,0.00,0.10
Bryce McGowens,CHA,20,46,16,30,787.0,0.31,0.10,0.26,39.6,0.03,0.10,32.5,0.08,0.10,75.0,0.03,0.09,0.12,0.07,0.05,0.02,0.01,0.06,0.58,0.00,0.00,-0.19
Anthony Gill,WAS,30,59,21,38,624.6,0.31,0.11,0.21,53.8,0.01,0.05,13.8,0.08,0.11,73.1,0.06,0.10,0.16,0.05,0.02,0.01,0.02,0.11,0.65,0.00,0.00,-0.02
Davion Mitchell,SAC,24,80,47,33,1447.0,0.31,0.13,0.28,45.4,0.04,0.14,32.0,0.02,0.02,80.6,0.01,0.06,0.07,0.13,0.04,0.03,0.01,0.08,0.67,0.00,0.00,0.00
Raul Neto,CLE,30,48,31,17,505.2,0.31,0.11,0.22,51.8,0.02,0.08,28.6,0.06,0.07,91.2,0.02,0.07,0.09,0.16,0.05,0.03,0.01,0.10,0.73,0.00,0.00,0.02
Garrett Temple,NOP,36,25,16,9,161.8,0.31,0.11,0.28,40.0,0.07,0.16,42.3,0.02,0.02,75.0,0.03,0.07,0.11,0.08,0.02,0.06,0.01,0.09,0.73,0.00,0.00,-0.11
Kevon Harris,ORL,25,34,12,22,457.0,0.31,0.10,0.23,43.9,0.04,0.09,37.2,0.07,0.09,75.6,0.06,0.09,0.15,0.04,0.05,0.04,0.01,0.12,0.64,0.00,0.00,0.00
Marko Simonovic,CHI,23,7,3,4,19.6,0.31,0.10,0.36,28.6,0.05,0.20,25.0,0.05,0.10,50.0,0.05,0.05,0.10,0.00,0.00,0.00,0.00,0.26,0.43,0.00,0.00,0.77
Christian Braun,DEN,22,76,49,27,1181.1,0.30,0.12,0.24,49.5,0.03,0.08,35.4,0.03,0.05,62.5,0.04,0.11,0.15,0.05,0.03,0.03,0.01,0.09,0.68,0.00,0.00,-0.10
Joe Ingles,MIL,35,46,32,14,1043.5,0.30,0.10,0.24,43.5,0.08,0.19,40.9,0.02,0.02,85.7,0.01,0.11,0.12,0.14,0.05,0.03,0.01,0.07,0.73,1.00,0.00,0.08
Josh Hart,NYK,28,76,42,34,2454.0,0.30,0.11,0.21,52.9,0.02,0.07,37.2,0.05,0.07,75.0,0.06,0.18,0.24,0.12,0.05,0.04,0.01,0.08,0.86,10.00,0.00,0.13
Delon Wright,WAS,31,50,26,24,1221.2,0.30,0.11,0.24,47.4,0.03,0.10,34.5,0.04,0.05,86.7,0.05,0.10,0.15,0.16,0.04,0.08,0.01,0.05,0.95,0.00,0.00,0.06
Ricky Rubio,CLE,32,33,23,10,566.0,0.30,0.11,0.31,34.3,0.04,0.14,25.6,0.05,0.06,80.0,0.02,0.11,0.12,0.20,0.05,0.05,0.01,0.09,0.87,0.00,0.00,0.08
Xavier Cooks,WAS,27,10,2,8,125.8,0.30,0.14,0.22,60.7,0.00,0.01,0.0,0.03,0.08,40.0,0.13,0.17,0.30,0.05,0.06,0.05,0.03,0.10,0.91,1.00,0.00,0.15
Torrey Craig,PHX,32,79,44,35,1947.8,0.30,0.12,0.26,45.6,0.05,0.13,39.5,0.02,0.02,71.1,0.07,0.14,0.22,0.06,0.04,0.03,0.03,0.09,0.79,4.00,0.00,-0.09
Moussa Diabate,LAC,21,22,10,12,195.5,0.30,0.12,0.24,51.1,0.01,0.01,50.0,0.05,0.08,62.5,0.16,0.10,0.26,0.02,0.05,0.04,0.04,0.08,0.82,0.00,0.00,-0.11
Thaddeus Young,TOR,34,54,23,31,795.5,0.30,0.14,0.25,54.5,0.01,0.04,17.6,0.02,0.03,69.2,0.09,0.12,0.21,0.09,0.05,0.07,0.01,0.11,0.86,0.00,0.00,-0.12
Bismack Biyombo,PHX,30,61,33,28,874.1,0.30,0.14,0.24,57.8,0.00,0.00,0.0,0.03,0.08,35.7,0.10,0.20,0.30,0.06,0.06,0.02,0.10,0.13,1.06,3.00,0.00,0.05
Greg Brown III,POR,21,16,10,6,93.1,0.30,0.12,0.30,39.3,0.01,0.08,14.3,0.05,0.13,41.7,0.02,0.18,0.20,0.03,0.06,0.04,0.05,0.14,0.82,0.00,0.00,-0.05
Otto Porter Jr.,TOR,29,8,4,4,146.3,0.30,0.10,0.20,50.0,0.04,0.12,35.3,0.05,0.05,100,0.04,0.09,0.13,0.05,0.03,0.08,0.00,0.05,0.74,0.00,0.00,-0.14
Trevelin Queen,IND,26,7,2,5,70.0,0.30,0.10,0.41,24.1,0.03,0.21,13.3,0.07,0.07,100,0.11,0.13,0.24,0.09,0.10,0.03,0.07,0.06,0.92,0.00,0.00,0.20
Joshua Primo,SAS,20,4,3,1,93.4,0.30,0.10,0.28,34.6,0.03,0.13,25.0,0.07,0.10,77.8,0.02,0.12,0.14,0.19,0.12,0.01,0.02,0.09,0.73,0.00,0.00,-0.02
Blake Griffin,BOS,34,41,27,14,568.9,0.30,0.11,0.23,48.5,0.04,0.12,34.8,0.04,0.06,65.6,0.08,0.19,0.27,0.11,0.04,0.02,0.02,0.13,0.87,0.00,0.00,0.18
Damian Jones,UTA,27,41,12,29,477.4,0.30,0.12,0.18,64.0,0.02,0.04,58.8,0.05,0.06,75.9,0.09,0.17,0.26,0.03,0.05,0.02,0.04,0.12,0.79,1.00,0.00,-0.17
Isaac Okoro,CLE,22,76,48,28,1652.6,0.30,0.11,0.21,49.4,0.04,0.10,36.3,0.05,0.06,75.7,0.03,0.08,0.11,0.05,0.03,0.03,0.02,0.10,0.64,0.00,0.00,0.08
Kevon Looney,GSW,27,82,44,38,1957.6,0.30,0.12,0.20,63.0,0.00,0.00,0.0,0.05,0.08,60.6,0.14,0.25,0.39,0.11,0.02,0.03,0.03,0.11,1.05,14.00,0.00,0.08
Theo Pinson,DAL,27,40,19,21,323.0,0.29,0.10,0.27,35.6,0.07,0.19,35.5,0.03,0.04,84.6,0.03,0.16,0.20,0.14,0.04,0.02,0.00,0.11,0.77,1.00,1.00,-0.15
Lamar Stevens,CLE,25,62,39,23,1120.5,0.29,0.12,0.26,44.8,0.03,0.08,31.6,0.04,0.05,70.2,0.04,0.14,0.18,0.03,0.02,0.02,0.02,0.07,0.66,1.00,0.00,0.01
Aaron Holiday,ATL,26,63,32,31,845.3,0.29,0.11,0.26,41.8,0.04,0.10,40.9,0.03,0.04,84.4,0.03,0.06,0.09,0.11,0.04,0.04,0.01,0.09,0.69,0.00,0.00,0.02
Miles McBride,NYK,22,64,36,28,760.2,0.29,0.10,0.28,35.8,0.05,0.18,29.9,0.04,0.06,66.7,0.02,0.05,0.07,0.09,0.03,0.05,0.01,0.08,0.66,0.00,0.00,0.07
Troy Brown Jr.,LAL,23,76,40,36,1859.8,0.29,0.11,0.25,43.0,0.06,0.15,38.1,0.02,0.02,87.2,0.03,0.13,0.17,0.05,0.03,0.03,0.01,0.06,0.66,2.00,0.00,-0.01
Justin Holiday,DAL,34,46,18,28,706.1,0.29,0.11,0.29,37.7,0.07,0.20,32.2,0.01,0.01,62.5,0.01,0.07,0.08,0.06,0.03,0.03,0.03,0.10,0.60,0.00,0.00,-0.18
JD Davison,BOS,20,12,11,1,65.7,0.29,0.12,0.29,42.1,0.03,0.11,28.6,0.02,0.03,50.0,0.03,0.11,0.14,0.17,0.06,0.03,0.03,0.08,0.83,0.00,0.00,-0.09
Isaiah Livers,DET,24,52,10,42,1198.7,0.29,0.10,0.24,41.7,0.06,0.17,36.5,0.03,0.03,82.1,0.02,0.10,0.12,0.03,0.03,0.02,0.02,0.09,0.60,1.00,0.00,-0.17
Vince Williams Jr.,MEM,22,15,7,8,104.6,0.29,0.11,0.38,30.0,0.04,0.27,14.3,0.02,0.02,100,0.04,0.11,0.14,0.04,0.05,0.06,0.02,0.11,0.70,0.00,0.00,-0.33
Kai Jones,CHA,22,46,13,33,549.6,0.29,0.12,0.22,55.8,0.01,0.03,21.1,0.03,0.05,73.1,0.07,0.16,0.22,0.03,0.06,0.03,0.05,0.12,0.80,1.00,0.00,-0.06
Nicolas Batum,LAC,34,78,44,34,1709.6,0.28,0.09,0.22,42.0,0.07,0.19,39.1,0.02,0.03,70.8,0.04,0.14,0.17,0.07,0.03,0.03,0.03,0.09,0.74,0.00,0.00,0.10
Royce O'Neale,BKN,29,76,42,34,2409.2,0.28,0.10,0.25,38.6,0.07,0.17,38.9,0.02,0.03,72.5,0.02,0.14,0.16,0.12,0.05,0.03,0.02,0.10,0.74,4.00,1.00,0.03
George Hill,IND,36,46,27,19,833.3,0.28,0.09,0.20,47.0,0.04,0.11,35.8,0.05,0.07,76.4,0.02,0.08,0.10,0.13,0.04,0.03,0.01,0.07,0.67,0.00,0.00,0.05
Dru Smith,BKN,25,15,7,8,158.4,0.28,0.11,0.28,40.0,0.03,0.12,26.3,0.02,0.02,100,0.01,0.14,0.15,0.14,0.02,0.06,0.03,0.15,0.91,0.00,0.00,-0.18
PJ Dozier,SAC,26,16,11,5,79.3,0.28,0.13,0.42,30.3,0.03,0.20,12.5,0.00,0.00,0.0,0.01,0.16,0.18,0.13,0.06,0.08,0.01,0.09,0.88,0.00,0.00,-0.29
Kennedy Chandler,MEM,20,36,22,14,281.5,0.28,0.12,0.29,42.2,0.01,0.05,13.3,0.02,0.05,46.2,0.03,0.10,0.13,0.21,0.06,0.04,0.02,0.05,0.87,0.00,0.00,-0.15
Wendell Moore Jr.,MIN,21,29,16,13,152.7,0.28,0.12,0.28,41.9,0.01,0.11,11.8,0.03,0.03,80.0,0.03,0.09,0.12,0.12,0.05,0.05,0.03,0.09,0.80,0.00,0.00,-0.35
Amir Coffey,LAC,25,50,26,24,625.3,0.28,0.09,0.23,38.6,0.02,0.06,27.5,0.08,0.10,77.8,0.03,0.06,0.08,0.08,0.03,0.01,0.01,0.08,0.53,0.00,0.00,-0.18
Blake Wesley,SAS,20,37,9,28,669.1,0.28,0.10,0.32,32.1,0.03,0.08,38.5,0.04,0.07,59.1,0.02,0.10,0.12,0.15,0.10,0.04,0.01,0.10,0.68,0.00,0.00,-0.30
Gary Payton II,GSW,30,22,13,9,367.6,0.27,0.11,0.19,59.4,0.04,0.07,50.0,0.02,0.02,85.7,0.07,0.12,0.19,0.08,0.04,0.06,0.01,0.12,0.80,0.00,0.00,0.11
Dorian Finney-Smith,BKN,29,66,31,35,2008.8,0.27,0.10,0.25,39.1,0.06,0.17,33.7,0.02,0.03,76.3,0.06,0.10,0.16,0.05,0.03,0.03,0.02,0.07,0.64,2.00,0.00,0.00
Ish Wainright,PHX,28,60,33,27,915.1,0.27,0.09,0.25,37.0,0.06,0.19,32.9,0.03,0.03,83.9,0.05,0.10,0.15,0.06,0.02,0.04,0.02,0.13,0.72,0.00,0.00,0.10
Mitchell Robinson,NYK,25,59,35,24,1588.8,0.27,0.12,0.18,67.1,0.00,0.00,0.0,0.04,0.08,48.4,0.17,0.18,0.35,0.03,0.03,0.04,0.07,0.10,1.03,13.00,0.00,0.12
Orlando Robinson,MIA,22,31,18,13,425.1,0.27,0.11,0.21,52.8,0.00,0.01,0.0,0.05,0.07,71.0,0.11,0.18,0.30,0.06,0.04,0.03,0.03,0.12,0.85,0.00,0.00,0.06
Ish Smith,DEN,34,43,25,18,397.9,0.27,0.13,0.33,39.7,0.01,0.03,16.7,0.01,0.01,50.0,0.01,0.12,0.14,0.25,0.11,0.02,0.02,0.08,0.81,0.00,0.00,-0.09
JT Thor,CHA,20,69,22,47,968.8,0.27,0.10,0.25,39.9,0.04,0.13,31.7,0.03,0.05,70.2,0.04,0.12,0.16,0.04,0.05,0.02,0.02,0.07,0.61,0.00,0.00,-0.17
Dominick Barlow,SAS,19,28,5,23,407.6,0.27,0.11,0.21,53.5,0.00,0.01,0.0,0.04,0.06,72.0,0.11,0.14,0.25,0.06,0.04,0.02,0.05,0.14,0.84,2.00,0.00,-0.26
Draymond Green,GSW,33,73,41,32,2297.6,0.27,0.11,0.21,52.7,0.02,0.06,30.5,0.03,0.05,71.3,0.03,0.20,0.23,0.22,0.09,0.03,0.03,0.10,0.96,11.00,0.00,0.15
Alex Len,SAC,29,26,15,11,161.2,0.27,0.10,0.19,53.3,0.00,0.01,0.0,0.07,0.10,68.8,0.15,0.22,0.37,0.07,0.10,0.02,0.07,0.17,1.00,0.00,0.00,0.12
Khem Birch,SAS,30,20,9,11,161.8,0.27,0.12,0.20,59.4,0.01,0.01,50.0,0.02,0.03,80.0,0.05,0.11,0.15,0.04,0.05,0.03,0.03,0.15,0.65,0.00,0.00,0.04
Ben Simmons,BKN,26,42,24,18,1105.0,0.26,0.12,0.21,56.6,0.00,0.00,0.0,0.02,0.05,43.9,0.04,0.20,0.24,0.23,0.09,0.05,0.02,0.13,1.02,4.00,1.00,0.04
Cody Martin,CHA,27,7,2,5,133.7,0.26,0.10,0.27,38.9,0.02,0.10,21.4,0.03,0.05,57.1,0.06,0.12,0.18,0.08,0.01,0.03,0.01,0.10,0.70,0.00,0.00,-0.19
Davon Reed,LAL,27,43,29,14,342.5,0.26,0.08,0.25,33.3,0.05,0.13,37.0,0.05,0.07,66.7,0.03,0.14,0.17,0.07,0.06,0.04,0.01,0.11,0.68,0.00,0.00,-0.29
Kessler Edwards,SAC,22,36,17,19,385.8,0.26,0.09,0.24,38.7,0.04,0.14,30.9,0.03,0.04,73.3,0.06,0.10,0.16,0.06,0.03,0.04,0.02,0.10,0.66,0.00,0.00,0.01
Jake LaRavia,MEM,21,35,22,13,414.3,0.25,0.09,0.23,38.9,0.06,0.17,33.8,0.02,0.02,77.8,0.05,0.11,0.15,0.05,0.04,0.03,0.01,0.12,0.58,0.00,0.00,-0.19
Justise Winslow,POR,27,29,15,14,775.8,0.25,0.10,0.26,40.9,0.02,0.06,31.1,0.03,0.04,71.4,0.06,0.12,0.19,0.13,0.06,0.04,0.01,0.11,0.77,1.00,0.00,-0.05
Chima Moneke,SAC,27,2,1,1,7.9,0.25,0.13,0.25,50.0,0.00,0.00,0.0,0.00,0.25,0.0,0.25,0.00,0.25,0.13,0.25,0.00,0.00,0.25,0.49,0.00,0.00,-1.13
Austin Rivers,MIN,30,52,25,27,1016.3,0.25,0.09,0.21,43.5,0.04,0.12,35.0,0.03,0.04,76.9,0.00,0.08,0.08,0.07,0.02,0.03,0.00,0.08,0.53,0.00,0.00,-0.14
Max Christie,LAL,20,41,19,22,512.4,0.25,0.09,0.21,41.5,0.05,0.12,41.9,0.03,0.03,87.5,0.01,0.13,0.15,0.04,0.03,0.02,0.01,0.06,0.56,0.00,0.00,-0.15
Isaiah Hartenstein,NYK,24,82,47,35,1628.2,0.25,0.11,0.20,53.5,0.00,0.02,21.6,0.03,0.04,67.6,0.13,0.20,0.33,0.06,0.04,0.03,0.04,0.13,0.91,2.00,0.00,0.09
Thanasis Antetokounmpo,MIL,30,37,25,12,206.2,0.25,0.10,0.22,43.5,0.00,0.04,0.0,0.05,0.11,50.0,0.07,0.14,0.21,0.07,0.06,0.01,0.01,0.11,0.64,0.00,0.00,-0.55
Daishen Nix,HOU,21,57,15,42,914.4,0.25,0.09,0.26,34.2,0.04,0.15,28.6,0.03,0.04,66.7,0.02,0.09,0.11,0.14,0.09,0.03,0.01,0.06,0.62,0.00,0.00,-0.17
Chuma Okeke,ORL,24,27,8,19,518.0,0.25,0.08,0.24,35.2,0.05,0.17,30.2,0.03,0.04,76.2,0.05,0.14,0.19,0.07,0.03,0.04,0.02,0.08,0.72,0.00,0.00,-0.23
Matisse Thybulle,POR,26,71,38,33,1200.4,0.24,0.09,0.21,43.5,0.04,0.12,36.5,0.02,0.02,67.9,0.03,0.08,0.12,0.04,0.02,0.07,0.03,0.09,0.72,0.00,0.00,-0.01
John Konchar,MEM,27,72,45,27,1493.8,0.24,0.09,0.21,43.1,0.04,0.12,33.9,0.02,0.02,77.8,0.04,0.16,0.21,0.07,0.02,0.05,0.02,0.07,0.77,2.00,0.00,0.14
Haywood Highsmith,MIA,26,54,28,26,969.4,0.24,0.10,0.22,43.1,0.04,0.11,33.9,0.01,0.03,46.4,0.06,0.14,0.19,0.04,0.05,0.04,0.02,0.08,0.66,2.00,0.00,-0.11
Caleb Houstan,ORL,20,51,20,31,812.2,0.24,0.08,0.22,36.3,0.06,0.17,33.8,0.02,0.02,83.3,0.04,0.08,0.12,0.04,0.02,0.01,0.01,0.08,0.49,0.00,0.00,-0.10
Alex Caruso,CHI,29,67,33,34,1575.4,0.24,0.08,0.18,45.5,0.03,0.10,36.4,0.04,0.05,80.8,0.03,0.10,0.12,0.12,0.05,0.06,0.03,0.10,0.80,1.00,0.00,0.13
Jordan McLaughlin,MIN,27,43,22,21,678.5,0.24,0.09,0.21,42.1,0.04,0.11,30.8,0.02,0.03,83.3,0.02,0.07,0.09,0.22,0.05,0.05,0.01,0.04,0.78,0.00,0.00,0.12
Reggie Bullock,DAL,32,78,37,41,2364.5,0.24,0.08,0.20,40.9,0.06,0.17,38.0,0.01,0.02,70.3,0.01,0.11,0.12,0.05,0.02,0.02,0.01,0.07,0.52,1.00,0.00,-0.04
Alize Johnson,SAS,27,4,1,3,29.5,0.24,0.10,0.20,50.0,0.00,0.07,0.0,0.03,0.07,50.0,0.07,0.27,0.34,0.03,0.14,0.03,0.00,0.10,0.66,0.00,0.00,0.41
Maxi Kleber,DAL,31,37,18,19,929.8,0.24,0.08,0.18,45.6,0.04,0.12,34.8,0.03,0.04,71.1,0.03,0.11,0.15,0.06,0.03,0.01,0.03,0.09,0.60,0.00,0.00,-0.05
Jeff Dowtin Jr.,TOR,25,25,17,8,258.7,0.24,0.10,0.22,43.9,0.02,0.06,31.3,0.02,0.03,66.7,0.02,0.07,0.09,0.12,0.02,0.03,0.01,0.05,0.64,0.00,0.00,-0.03
Usman Garuba,HOU,21,75,21,54,970.2,0.23,0.09,0.18,48.6,0.02,0.06,40.7,0.03,0.05,61.7,0.12,0.19,0.32,0.07,0.05,0.05,0.03,0.14,0.89,0.00,0.00,-0.26
Dean Wade,CLE,26,44,30,14,891.6,0.23,0.08,0.20,41.2,0.05,0.14,35.4,0.02,0.03,65.2,0.02,0.15,0.17,0.04,0.02,0.03,0.02,0.10,0.64,0.00,0.00,0.12
Patrick Beverley,CHI,34,67,34,33,1816.5,0.23,0.08,0.20,40.0,0.04,0.13,33.5,0.03,0.04,72.3,0.02,0.11,0.14,0.11,0.03,0.03,0.02,0.10,0.69,2.00,0.00,-0.04
Jared Rhoden,DET,23,14,2,12,197.9,0.23,0.09,0.22,38.6,0.03,0.10,25.0,0.03,0.03,100,0.06,0.13,0.19,0.02,0.02,0.02,0.01,0.12,0.54,0.00,0.00,0.11
Christian Koloko,TOR,22,58,29,29,801.8,0.23,0.09,0.19,48.0,0.00,0.01,8.3,0.05,0.07,62.7,0.10,0.11,0.21,0.04,0.02,0.03,0.07,0.16,0.81,0.00,0.00,0.19
Kendall Brown,IND,19,6,1,5,40.3,0.22,0.10,0.17,57.1,0.00,0.02,0.0,0.02,0.05,50.0,0.05,0.10,0.15,0.07,0.05,0.10,0.00,0.22,0.76,0.00,0.00,0.10
Frank Ntilikina,DAL,24,47,20,27,607.6,0.22,0.08,0.22,36.4,0.03,0.11,25.4,0.04,0.05,66.7,0.01,0.09,0.10,0.10,0.05,0.03,0.01,0.11,0.55,0.00,0.00,0.06
Juan Toscano-Anderson,UTA,30,52,19,33,700.1,0.22,0.09,0.20,44.8,0.01,0.06,18.6,0.03,0.03,79.2,0.04,0.14,0.18,0.09,0.05,0.02,0.01,0.11,0.64,0.00,0.00,-0.21
Matthew Dellavedova,SAC,32,32,19,13,212.8,0.22,0.08,0.23,34.0,0.04,0.13,33.3,0.02,0.03,57.1,0.00,0.06,0.06,0.19,0.05,0.03,0.00,0.09,0.63,0.00,0.00,-0.24
Jericho Sims,NYK,24,52,31,21,812.4,0.22,0.10,0.13,77.6,0.00,0.00,0.0,0.01,0.02,75.0,0.12,0.18,0.30,0.03,0.03,0.02,0.03,0.12,0.75,2.00,0.00,-0.14
Cole Swider,LAL,23,7,2,5,41.1,0.22,0.07,0.22,33.3,0.07,0.19,37.5,0.00,0.00,0.0,0.02,0.15,0.17,0.10,0.00,0.00,0.00,0.07,0.57,0.00,0.00,0.07
Wesley Matthews,MIL,36,52,37,15,820.4,0.22,0.07,0.20,36.3,0.05,0.15,31.5,0.03,0.03,85.7,0.04,0.10,0.14,0.04,0.02,0.02,0.02,0.09,0.54,0.00,0.00,0.06
Dyson Daniels,NOP,20,59,33,26,1042.1,0.22,0.08,0.20,41.8,0.03,0.08,31.4,0.02,0.04,65.0,0.03,0.15,0.18,0.13,0.05,0.04,0.01,0.09,0.73,0.00,0.00,-0.01
Vit Krejci,ATL,22,29,15,14,165.4,0.22,0.09,0.22,40.5,0.03,0.13,23.8,0.01,0.01,50.0,0.04,0.12,0.16,0.10,0.03,0.03,0.01,0.10,0.64,0.00,0.00,-0.02
Jamaree Bouyea,WAS,23,5,2,3,70.5,0.21,0.09,0.20,42.9,0.03,0.09,33.3,0.01,0.03,50.0,0.01,0.07,0.09,0.06,0.06,0.06,0.03,0.09,0.60,0.00,0.00,-0.24
Vernon Carey Jr.,UTA,22,11,8,3,28.5,0.21,0.07,0.28,25.0,0.00,0.00,0.0,0.07,0.07,100,0.11,0.28,0.39,0.11,0.07,0.07,0.07,0.18,1.18,0.00,0.00,-0.35
John Butler Jr.,POR,20,19,4,15,221.1,0.20,0.08,0.24,32.1,0.04,0.16,22.9,0.01,0.02,75.0,0.01,0.06,0.08,0.05,0.00,0.03,0.04,0.10,0.58,0.00,0.00,-0.32
Juancho Hernangomez,TOR,27,42,20,22,613.5,0.20,0.08,0.19,42.1,0.03,0.11,25.4,0.01,0.03,56.3,0.04,0.16,0.20,0.04,0.02,0.03,0.01,0.07,0.58,1.00,0.00,0.02
Facundo Campazzo,DAL,32,8,2,6,52.2,0.19,0.06,0.25,23.1,0.06,0.21,27.3,0.02,0.04,50.0,0.00,0.04,0.04,0.17,0.06,0.12,0.00,0.06,0.78,0.00,0.00,0.21
Justin Minaya,POR,24,4,0,4,88.8,0.19,0.08,0.26,30.4,0.03,0.14,25.0,0.00,0.01,0.0,0.03,0.14,0.17,0.05,0.05,0.02,0.06,0.10,0.65,0.00,0.00,-0.23
Trent Forrest,ATL,24,23,9,14,277.0,0.19,0.09,0.22,41.7,0.00,0.01,0.0,0.01,0.01,66.7,0.02,0.12,0.13,0.14,0.05,0.03,0.01,0.06,0.60,0.00,0.00,-0.21
Justin Jackson,BOS,28,23,15,8,107.4,0.19,0.07,0.25,25.9,0.05,0.19,25.0,0.01,0.02,50.0,0.02,0.14,0.16,0.08,0.02,0.04,0.04,0.07,0.71,0.00,0.00,-0.66
KZ Okpala,SAC,24,35,19,16,248.0,0.19,0.06,0.15,42.1,0.03,0.08,33.3,0.03,0.03,87.5,0.03,0.11,0.14,0.05,0.03,0.03,0.03,0.16,0.57,0.00,0.00,-0.04
Joe Wieskamp,TOR,23,9,6,3,49.7,0.18,0.06,0.28,21.4,0.06,0.24,25.0,0.00,0.00,0.0,0.00,0.08,0.08,0.06,0.02,0.00,0.00,0.06,0.35,0.00,0.00,0.04
Kobi Simmons,CHA,25,5,1,4,27.8,0.18,0.04,0.22,16.7,0.04,0.18,20.0,0.07,0.07,100,0.04,0.11,0.14,0.18,0.04,0.00,0.07,0.00,0.80,0.00,0.00,-0.68
Nerlens Noel,BKN,29,17,4,13,194.7,0.18,0.07,0.18,36.1,0.01,0.01,50.0,0.04,0.06,66.7,0.05,0.18,0.24,0.05,0.07,0.08,0.05,0.16,0.87,0.00,0.00,-0.39
Buddy Boeheim,DET,23,10,2,8,90.1,0.18,0.06,0.30,18.5,0.04,0.28,16.0,0.02,0.02,100,0.02,0.04,0.07,0.04,0.00,0.02,0.00,0.07,0.39,0.00,0.00,0.03
Mfiondu Kabengele,BOS,25,4,3,1,36.4,0.16,0.05,0.19,28.6,0.00,0.08,0.0,0.05,0.05,100,0.14,0.14,0.27,0.00,0.03,0.05,0.00,0.08,0.63,0.00,0.00,-0.14
Andre Iguodala,GSW,39,8,3,5,112.6,0.15,0.06,0.13,46.7,0.01,0.08,11.1,0.02,0.03,66.7,0.03,0.12,0.15,0.17,0.08,0.04,0.03,0.10,0.69,0.00,0.00,0.31
Ryan Arcidiacono,POR,29,20,9,11,172.4,0.15,0.05,0.21,24.3,0.05,0.13,34.8,0.00,0.00,0.0,0.00,0.09,0.09,0.13,0.04,0.03,0.00,0.10,0.50,0.00,0.00,-0.23
Isaiah Todd,WAS,21,6,2,4,61.4,0.15,0.05,0.31,15.8,0.02,0.16,10.0,0.03,0.03,100,0.03,0.16,0.20,0.07,0.03,0.02,0.00,0.07,0.50,0.00,0.00,-0.11
Noah Vonleh,BOS,27,23,17,6,171.6,0.15,0.06,0.14,45.8,0.01,0.02,25.0,0.01,0.01,100,0.10,0.17,0.28,0.04,0.06,0.01,0.05,0.20,0.65,0.00,0.00,-0.08
P.J. Tucker,PHI,37,75,48,27,1920.1,0.14,0.05,0.12,42.7,0.03,0.07,39.3,0.01,0.01,82.6,0.05,0.10,0.15,0.03,0.02,0.02,0.01,0.09,0.43,0.00,0.00,0.07
Leandro Bolmaro,UTA,22,14,8,6,68.5,0.09,0.04,0.29,15.0,0.00,0.06,0.0,0.00,0.00,0.0,0.06,0.04,0.10,0.10,0.10,0.04,0.01,0.15,0.44,0.00,0.00,0.03
Jacob Gilyard,MEM,24,1,0,1,40.8,0.07,0.02,0.07,33.3,0.02,0.07,33.3,0.00,0.00,0.0,0.00,0.10,0.10,0.17,0.05,0.07,0.00,0.07,0.62,0.00,0.00,-0.32
Devon Dotson,WAS,23,6,1,5,53.1,0.06,0.02,0.19,10.0,0.02,0.08,25.0,0.00,0.00,0.0,0.11,0.08,0.19,0.15,0.06,0.09,0.00,0.17,0.73,0.00,0.00,-0.06
Alondes Williams,BKN,23,1,1,0,5.3,0.00,0.00,0.00,0.0,0.00,0.00,0.0,0.00,0.00,0.0,0.00,0.19,0.19,0.00,0.38,0.00,0.00,0.19,-0.15,0.00,0.00,-0.95
Deonte Burton,SAC,29,2,1,1,6.5,0.00,0.00,0.31,0.0,0.00,0.15,0.0,0.00,0.00,0.0,0.00,0.00,0.00,0.00,0.00,0.00,0.00,0.00,0.00,0.00,0.00,0.77
Frank Jackson,UTA,24,1,0,1,5.0,0.00,0.00,0.59,0.0,0.00,0.20,0.0,0.00,0.00,0.0,0.20,0.20,0.40,0.20,0.00,0.00,0.00,0.00,0.77,0.00,0.00,-0.40
Michael Foster Jr.,PHI,20,1,1,0,1.0,0.00,0.00,0.00,0.0,0.00,0.00,0.0,0.00,0.00,0.0,0.00,0.00,0.00,0.00,0.00,0.00,0.00,0.00,0.00,0.00,0.00,-1.94
Sterling Brown,LAL,28,4,2,2,24.4,0.00,0.00,0.16,0.0,0.00,0.08,0.0,0.00,0.00,0.0,0.12,0.21,0.33,0.08,0.00,0.12,0.00,0.16,0.89,0.00,0.00,-0.16