#,Player,Team,GP,MIN,PTS,FGM,FGA,FG%,3PM,3PA,3P%,FTM,FTA,FT%,ORB,DRB,REB,AST,STL,BLK,TOV,PF
1,Tracy McGrady,ORL,75,39.4,0.8,0.3,0.6,0.457,0.1,0.2,0.386,0.2,0.2,0.793,0.0,0.1,0.2,0.1,0.0,0.0,0.1,0.1
2,Shaquille O'Neal,LAL,67,37.8,0.7,0.3,0.5,0.574,0.0,0.0,0.0,0.2,0.3,0.622,0.1,0.2,0.3,0.1,0.0,0.1,0.1,0.1
3,Kobe Bryant,LAL,82,41.5,0.7,0.3,0.6,0.451,0.0,0.1,0.383,0.2,0.2,0.843,0.0,0.1,0.2,0.1,0.1,0.0,0.1,0.1
4,Chris Owens,MEM,1,6.0,0.7,0.3,0.5,0.667,0.0,0.0,0.0,0.0,0.0,0.0,0.2,0.0,0.2,0.0,0.0,0.0,0.2,0.0
5,Paul Pierce,BOS,79,39.2,0.7,0.2,0.5,0.416,0.0,0.1,0.302,0.2,0.2,0.802,0.0,0.2,0.2,0.1,0.0,0.0,0.1,0.1
6,Allen Iverson,PHI,82,42.5,0.6,0.2,0.6,0.414,0.0,0.1,0.277,0.2,0.2,0.774,0.0,0.1,0.1,0.1,0.1,0.0,0.1,0.0
7,Dirk Nowitzki,DAL,80,39.0,0.6,0.2,0.5,0.463,0.0,0.1,0.379,0.2,0.2,0.881,0.0,0.2,0.3,0.1,0.0,0.0,0.0,0.1
8,Chris Crawford,ATL,5,7.6,0.6,0.2,0.3,0.615,0.0,0.1,0.333,0.2,0.2,0.875,0.1,0.1,0.2,0.0,0.1,0.1,0.1,0.2
9,Richard Hamilton,DET,82,32.2,0.6,0.2,0.5,0.443,0.0,0.0,0.269,0.2,0.2,0.833,0.0,0.1,0.1,0.1,0.0,0.0,0.1,0.1
10,Vince Carter,TOR,43,34.2,0.6,0.2,0.5,0.467,0.0,0.1,0.344,0.1,0.1,0.806,0.0,0.1,0.1,0.1,0.0,0.0,0.1,0.1
11,Ray Allen,SEA,76,37.9,0.6,0.2,0.5,0.439,0.1,0.2,0.377,0.1,0.1,0.916,0.0,0.1,0.1,0.1,0.0,0.0,0.1,0.1
12,Allan Houston,NYK,82,37.9,0.6,0.2,0.5,0.445,0.1,0.1,0.396,0.1,0.1,0.919,0.0,0.1,0.1,0.1,0.0,0.0,0.1,0.1
13,Tim Duncan,SAS,81,39.3,0.6,0.2,0.4,0.513,0.0,0.0,0.273,0.1,0.2,0.71,0.1,0.2,0.3,0.1,0.0,0.1,0.1,0.1
14,Chris Webber,SAC,67,39.1,0.6,0.3,0.5,0.461,0.0,0.0,0.238,0.1,0.1,0.607,0.1,0.2,0.3,0.1,0.0,0.0,0.1,0.1
15,Reggie Slater,MIN,26,5.4,0.6,0.2,0.4,0.54,0.0,0.0,0.0,0.2,0.3,0.6,0.1,0.1,0.2,0.0,0.0,0.0,0.1,0.2
16,Zydrunas Ilgauskas,CLE,81,30.0,0.6,0.2,0.5,0.441,0.0,0.0,0.0,0.2,0.2,0.781,0.1,0.2,0.3,0.1,0.0,0.1,0.1,0.1
17,Sam Cassell,MIL,78,34.6,0.6,0.2,0.4,0.47,0.0,0.1,0.362,0.1,0.2,0.861,0.0,0.1,0.1,0.2,0.0,0.0,0.1,0.1
18,Karl Malone,UTA,81,36.2,0.6,0.2,0.4,0.462,0.0,0.0,0.214,0.2,0.2,0.763,0.0,0.2,0.2,0.1,0.0,0.0,0.1,0.1
19,Kevin Garnett,MIN,82,40.5,0.6,0.2,0.4,0.502,0.0,0.0,0.282,0.1,0.2,0.751,0.1,0.3,0.3,0.1,0.0,0.0,0.1,0.1
20,Antawn Jamison,GSW,82,39.3,0.6,0.2,0.5,0.47,0.0,0.1,0.311,0.1,0.1,0.789,0.1,0.1,0.2,0.0,0.0,0.0,0.1,0.1
21,Peja Stojakovic,SAC,72,34.0,0.6,0.2,0.4,0.481,0.1,0.2,0.382,0.1,0.1,0.875,0.0,0.1,0.2,0.1,0.0,0.0,0.0,0.1
22,Jermaine O'Neal,IND,77,37.2,0.6,0.2,0.4,0.484,0.0,0.0,0.333,0.1,0.2,0.731,0.1,0.2,0.3,0.1,0.0,0.1,0.1,0.1
23,Stephon Marbury,PHX,81,40.0,0.6,0.2,0.5,0.439,0.0,0.1,0.301,0.1,0.1,0.803,0.0,0.1,0.1,0.2,0.0,0.0,0.1,0.1
24,Glenn Robinson,ATL,69,37.6,0.6,0.2,0.5,0.432,0.0,0.1,0.342,0.1,0.1,0.876,0.0,0.1,0.2,0.1,0.0,0.0,0.1,0.1
25,Marcus Fizer,CHI,38,21.3,0.6,0.2,0.5,0.465,0.0,0.0,0.167,0.1,0.2,0.657,0.1,0.2,0.3,0.1,0.0,0.0,0.1,0.1
26,Jerry Stackhouse,WAS,70,39.3,0.5,0.2,0.4,0.409,0.0,0.1,0.29,0.2,0.2,0.878,0.0,0.1,0.1,0.1,0.0,0.0,0.1,0.0
27,Jalen Rose,CHI,82,40.9,0.5,0.2,0.5,0.406,0.0,0.1,0.37,0.1,0.1,0.854,0.0,0.1,0.1,0.1,0.0,0.0,0.1,0.1
28,Michael Jordan,WAS,82,37.0,0.5,0.2,0.5,0.445,0.0,0.0,0.291,0.1,0.1,0.821,0.0,0.1,0.2,0.1,0.0,0.0,0.1,0.1
29,Eddy Curry,CHI,81,19.4,0.5,0.2,0.4,0.585,0.0,0.0,0.0,0.1,0.2,0.624,0.1,0.2,0.2,0.0,0.0,0.0,0.1,0.1
30,Steve Nash,DAL,82,33.1,0.5,0.2,0.4,0.465,0.0,0.1,0.413,0.1,0.1,0.909,0.0,0.1,0.1,0.2,0.0,0.0,0.1,0.0
31,Michael Redd,MIL,82,28.2,0.5,0.2,0.4,0.469,0.1,0.2,0.438,0.1,0.1,0.805,0.0,0.1,0.2,0.1,0.0,0.0,0.0,0.1
32,Matt Harpring,UTA,78,32.8,0.5,0.2,0.4,0.511,0.0,0.1,0.413,0.1,0.1,0.792,0.1,0.1,0.2,0.1,0.0,0.0,0.1,0.1
33,Corey Maggette,LAC,64,31.3,0.5,0.2,0.4,0.444,0.0,0.1,0.35,0.2,0.2,0.802,0.0,0.1,0.2,0.1,0.0,0.0,0.1,0.1
34,Bobby Jackson,SAC,59,28.4,0.5,0.2,0.4,0.464,0.1,0.1,0.379,0.1,0.1,0.846,0.0,0.1,0.1,0.1,0.0,0.0,0.1,0.1
35,Jamal Mashburn,NOP,82,40.5,0.5,0.2,0.5,0.422,0.0,0.1,0.389,0.1,0.1,0.848,0.0,0.1,0.1,0.1,0.0,0.0,0.1,0.1
36,Pau Gasol,MEM,82,35.9,0.5,0.2,0.4,0.51,0.0,0.0,0.1,0.1,0.2,0.736,0.1,0.2,0.2,0.1,0.0,0.1,0.1,0.1
37,Gilbert Arenas,GSW,82,35.0,0.5,0.2,0.4,0.431,0.0,0.1,0.348,0.1,0.2,0.791,0.0,0.1,0.1,0.2,0.0,0.0,0.1,0.1
38,Shareef Abdur-Rahim,ATL,81,38.1,0.5,0.2,0.4,0.478,0.0,0.0,0.35,0.1,0.2,0.841,0.1,0.2,0.2,0.1,0.0,0.0,0.1,0.1
39,Juwan Howard,DEN,77,35.4,0.5,0.2,0.5,0.45,0.0,0.0,0.5,0.1,0.1,0.803,0.1,0.1,0.2,0.1,0.0,0.0,0.1,0.1
40,Ricky Davis,CLE,79,39.6,0.5,0.2,0.5,0.41,0.0,0.1,0.363,0.1,0.1,0.748,0.0,0.1,0.1,0.1,0.0,0.0,0.1,0.1
41,Lee Nailon,NYK,38,10.7,0.5,0.2,0.5,0.442,0.0,0.0,0.0,0.1,0.1,0.824,0.1,0.1,0.2,0.1,0.0,0.0,0.1,0.1
42,Chauncey Billups,DET,74,31.4,0.5,0.2,0.4,0.421,0.1,0.2,0.392,0.1,0.2,0.878,0.0,0.1,0.1,0.1,0.0,0.0,0.1,0.1
43,Steve Francis,HOU,81,41.0,0.5,0.2,0.4,0.435,0.0,0.1,0.354,0.1,0.2,0.8,0.0,0.1,0.2,0.2,0.0,0.0,0.1,0.1
44,Gary Payton,MIL,80,40.1,0.5,0.2,0.5,0.454,0.0,0.1,0.297,0.1,0.1,0.71,0.0,0.1,0.1,0.2,0.0,0.0,0.1,0.1
45,Shawn Marion,PHX,81,41.6,0.5,0.2,0.4,0.452,0.0,0.1,0.387,0.1,0.1,0.851,0.1,0.2,0.2,0.1,0.1,0.0,0.0,0.1
46,Michael Finley,DAL,69,38.3,0.5,0.2,0.5,0.425,0.0,0.1,0.37,0.1,0.1,0.861,0.0,0.1,0.2,0.1,0.0,0.0,0.0,0.0
47,Keith Van Horn,PHI,74,31.6,0.5,0.2,0.4,0.482,0.0,0.1,0.369,0.1,0.1,0.804,0.1,0.2,0.2,0.0,0.0,0.0,0.1,0.1
48,Jason Kidd,NJN,80,37.4,0.5,0.2,0.4,0.414,0.0,0.1,0.341,0.1,0.1,0.841,0.0,0.1,0.2,0.2,0.1,0.0,0.1,0.0
49,Zendon Hamilton,TOR,3,4.0,0.5,0.2,0.4,0.4,0.0,0.0,0.0,0.2,0.2,1.0,0.1,0.3,0.3,0.0,0.1,0.0,0.1,0.2
50,Randy Livingston,NOP,2,6.0,0.5,0.2,0.3,0.5,0.0,0.0,0.0,0.2,0.2,1.0,0.0,0.0,0.0,0.1,0.0,0.0,0.0,0.0
51,Zach Randolph,POR,77,16.9,0.5,0.2,0.4,0.513,0.0,0.0,0.0,0.1,0.1,0.758,0.1,0.2,0.3,0.0,0.0,0.0,0.0,0.1
52,Grant Hill,ORL,29,29.1,0.5,0.2,0.4,0.492,0.0,0.0,0.25,0.1,0.2,0.819,0.0,0.2,0.2,0.1,0.0,0.0,0.1,0.1
53,Rasheed Wallace,POR,74,36.3,0.5,0.2,0.4,0.471,0.0,0.1,0.358,0.1,0.1,0.735,0.0,0.2,0.2,0.1,0.0,0.0,0.1,0.1
54,Wally Szczerbiak,MIN,52,35.3,0.5,0.2,0.4,0.481,0.0,0.1,0.421,0.1,0.1,0.867,0.0,0.1,0.1,0.1,0.0,0.0,0.0,0.1
55,Oscar Torres,GSW,16,6.8,0.5,0.1,0.3,0.444,0.1,0.1,0.538,0.1,0.2,0.7,0.0,0.1,0.1,0.0,0.0,0.0,0.1,0.1
56,Kenyon Martin,NJN,77,34.1,0.5,0.2,0.4,0.47,0.0,0.0,0.209,0.1,0.1,0.653,0.1,0.2,0.2,0.1,0.0,0.0,0.1,0.1
57,Eddie Jones,MIA,47,38.1,0.5,0.2,0.4,0.423,0.1,0.1,0.407,0.1,0.1,0.822,0.0,0.1,0.1,0.1,0.0,0.0,0.0,0.1
58,Antoine Walker,BOS,78,41.5,0.5,0.2,0.5,0.388,0.1,0.2,0.323,0.1,0.1,0.615,0.0,0.1,0.2,0.1,0.0,0.0,0.1,0.1
59,Corliss Williamson,DET,82,25.1,0.5,0.2,0.4,0.453,0.0,0.0,0.182,0.1,0.1,0.79,0.1,0.1,0.2,0.1,0.0,0.0,0.1,0.1
60,Mike Bibby,SAC,55,33.4,0.5,0.2,0.4,0.47,0.0,0.1,0.409,0.1,0.1,0.861,0.0,0.1,0.1,0.2,0.0,0.0,0.1,0.1
61,Jason Richardson,GSW,82,32.9,0.5,0.2,0.4,0.41,0.0,0.1,0.368,0.1,0.1,0.764,0.0,0.1,0.1,0.1,0.0,0.0,0.1,0.1
62,Bonzi Wells,POR,75,32.0,0.5,0.2,0.4,0.441,0.0,0.1,0.292,0.1,0.1,0.722,0.0,0.1,0.2,0.1,0.1,0.0,0.1,0.1
63,Elton Brand,LAC,62,39.6,0.5,0.2,0.4,0.502,0.0,0.0,0.0,0.1,0.1,0.685,0.1,0.2,0.3,0.1,0.0,0.1,0.1,0.1
64,Drew Gooden,ORL,70,26.8,0.5,0.2,0.4,0.457,0.0,0.0,0.292,0.1,0.1,0.712,0.1,0.2,0.2,0.0,0.0,0.0,0.1,0.1
65,Voshon Lenard,TOR,63,30.6,0.5,0.2,0.4,0.402,0.0,0.1,0.365,0.1,0.1,0.804,0.0,0.1,0.1,0.1,0.0,0.0,0.1,0.1
66,Yao Ming,HOU,82,29.1,0.5,0.2,0.3,0.498,0.0,0.0,0.5,0.1,0.2,0.811,0.1,0.2,0.3,0.1,0.0,0.1,0.1,0.1
67,Mike Miller,MEM,65,33.6,0.5,0.2,0.4,0.434,0.0,0.1,0.363,0.1,0.1,0.839,0.0,0.1,0.2,0.1,0.0,0.0,0.1,0.1
68,Metta World Peace,IND,69,33.6,0.5,0.2,0.4,0.428,0.0,0.1,0.336,0.1,0.2,0.736,0.0,0.1,0.2,0.1,0.1,0.0,0.1,0.1
69,Jeff Trepagnier,DEN,8,12.3,0.5,0.2,0.4,0.425,0.0,0.1,0.5,0.1,0.1,1.0,0.1,0.1,0.2,0.1,0.1,0.0,0.1,0.1
70,Rashard Lewis,SEA,77,39.5,0.5,0.2,0.4,0.452,0.0,0.1,0.346,0.1,0.1,0.82,0.0,0.1,0.2,0.0,0.0,0.0,0.0,0.1
71,Tony Parker,SAS,82,33.8,0.5,0.2,0.4,0.464,0.0,0.1,0.337,0.1,0.1,0.755,0.0,0.1,0.1,0.2,0.0,0.0,0.1,0.1
72,Earl Boykins,GSW,68,19.4,0.5,0.2,0.4,0.429,0.0,0.1,0.377,0.1,0.2,0.865,0.0,0.0,0.1,0.2,0.0,0.0,0.1,0.1
73,Dajuan Wagner,CLE,47,29.5,0.5,0.2,0.4,0.369,0.0,0.1,0.316,0.1,0.1,0.8,0.0,0.0,0.1,0.1,0.0,0.0,0.1,0.1
74,Baron Davis,NOP,50,37.8,0.5,0.2,0.4,0.416,0.1,0.1,0.35,0.0,0.1,0.71,0.0,0.1,0.1,0.2,0.0,0.0,0.1,0.1
75,Jason Terry,ATL,81,38.0,0.5,0.2,0.4,0.428,0.1,0.1,0.371,0.1,0.1,0.887,0.0,0.1,0.1,0.2,0.0,0.0,0.1,0.1
76,Tim Thomas,MIL,80,29.5,0.5,0.2,0.4,0.443,0.0,0.1,0.366,0.1,0.1,0.78,0.0,0.1,0.2,0.0,0.0,0.0,0.1,0.1
77,Nick Van Exel,DAL,73,27.8,0.5,0.2,0.4,0.412,0.1,0.2,0.378,0.1,0.1,0.764,0.0,0.1,0.1,0.2,0.0,0.0,0.1,0.0
78,David Wesley,NOP,73,37.1,0.4,0.2,0.4,0.433,0.0,0.1,0.424,0.1,0.1,0.781,0.0,0.1,0.1,0.1,0.0,0.0,0.0,0.1
79,Eric Piatkowski,LAC,62,21.9,0.4,0.2,0.3,0.471,0.1,0.1,0.398,0.1,0.1,0.828,0.0,0.1,0.1,0.1,0.0,0.0,0.0,0.1
80,Zhizhi Wang,LAC,41,10.0,0.4,0.2,0.4,0.383,0.0,0.1,0.34,0.1,0.1,0.724,0.1,0.1,0.2,0.0,0.0,0.0,0.1,0.1
81,Kurt Thomas,NYK,81,31.8,0.4,0.2,0.4,0.483,0.0,0.0,0.667,0.1,0.1,0.75,0.1,0.2,0.2,0.1,0.0,0.0,0.1,0.1
82,Lavor Postell,NYK,12,8.2,0.4,0.1,0.4,0.368,0.0,0.1,0.286,0.1,0.2,0.867,0.0,0.0,0.0,0.0,0.0,0.0,0.1,0.1
83,Donyell Marshall,CHI,78,30.5,0.4,0.2,0.4,0.459,0.0,0.0,0.379,0.1,0.1,0.756,0.1,0.2,0.3,0.1,0.0,0.0,0.1,0.1
84,Stromile Swift,MEM,67,22.1,0.4,0.2,0.3,0.481,0.0,0.0,0.0,0.1,0.2,0.722,0.1,0.2,0.3,0.0,0.0,0.1,0.1,0.1
85,Gordan Giricek,ORL,76,28.3,0.4,0.2,0.4,0.436,0.0,0.1,0.341,0.1,0.1,0.82,0.0,0.1,0.1,0.1,0.0,0.0,0.1,0.1
86,Flip Murray,SEA,14,4.4,0.4,0.2,0.5,0.355,0.0,0.1,0.0,0.1,0.1,0.625,0.0,0.1,0.1,0.1,0.1,0.0,0.1,0.0
87,Andrei Kirilenko,UTA,80,27.7,0.4,0.1,0.3,0.491,0.0,0.1,0.325,0.1,0.2,0.8,0.1,0.1,0.2,0.1,0.1,0.1,0.1,0.1
88,Kerry Kittles,NJN,65,30.0,0.4,0.2,0.4,0.467,0.0,0.1,0.356,0.1,0.1,0.785,0.0,0.1,0.1,0.1,0.1,0.0,0.0,0.1
89,Troy Hudson,MIN,79,32.9,0.4,0.2,0.4,0.428,0.0,0.1,0.365,0.1,0.1,0.9,0.0,0.1,0.1,0.2,0.0,0.0,0.1,0.1
90,Richard Jefferson,NJN,80,36.0,0.4,0.2,0.3,0.501,0.0,0.0,0.25,0.1,0.2,0.743,0.1,0.1,0.2,0.1,0.0,0.0,0.1,0.1
91,Jamal Crawford,CHI,80,24.9,0.4,0.2,0.4,0.413,0.0,0.1,0.355,0.1,0.1,0.806,0.0,0.1,0.1,0.2,0.0,0.0,0.1,0.1
92,Amar'e Stoudemire,PHX,82,31.3,0.4,0.2,0.3,0.472,0.0,0.0,0.2,0.1,0.2,0.661,0.1,0.2,0.3,0.0,0.0,0.0,0.1,0.1
93,Toni Kukoc,MIL,63,27.0,0.4,0.1,0.3,0.432,0.1,0.2,0.361,0.1,0.1,0.706,0.0,0.1,0.2,0.1,0.0,0.0,0.1,0.1
94,Lamar Odom,LAC,49,34.3,0.4,0.2,0.4,0.439,0.0,0.1,0.326,0.1,0.1,0.777,0.0,0.2,0.2,0.1,0.0,0.0,0.1,0.1
95,Latrell Sprewell,NYK,74,38.6,0.4,0.2,0.4,0.403,0.0,0.1,0.372,0.1,0.1,0.794,0.0,0.1,0.1,0.1,0.0,0.0,0.1,0.0
96,Malik Rose,SAS,79,24.5,0.4,0.1,0.3,0.459,0.0,0.0,0.4,0.1,0.2,0.791,0.1,0.2,0.3,0.1,0.0,0.0,0.1,0.1
97,Carlos Arroyo,UTA,44,6.5,0.4,0.2,0.4,0.459,0.0,0.0,0.429,0.1,0.1,0.818,0.0,0.1,0.1,0.2,0.0,0.0,0.1,0.1
98,Brad Miller,IND,73,31.1,0.4,0.1,0.3,0.493,0.0,0.0,0.313,0.1,0.2,0.818,0.1,0.2,0.3,0.1,0.0,0.0,0.1,0.1
99,Cuttino Mobley,HOU,73,41.7,0.4,0.2,0.4,0.434,0.0,0.1,0.352,0.1,0.1,0.858,0.0,0.1,0.1,0.1,0.0,0.0,0.1,0.1
100,Caron Butler,MIA,78,36.6,0.4,0.2,0.4,0.416,0.0,0.0,0.318,0.1,0.1,0.824,0.0,0.1,0.1,0.1,0.0,0.0,0.1,0.1
101,Stephen Jackson,SAS,80,28.2,0.4,0.2,0.4,0.435,0.0,0.1,0.32,0.1,0.1,0.76,0.0,0.1,0.1,0.1,0.1,0.0,0.1,0.1
102,Mikki Moore,ATL,8,5.4,0.4,0.1,0.3,0.385,0.0,0.0,0.0,0.2,0.2,0.8,0.1,0.0,0.2,0.1,0.0,0.1,0.0,0.2
103,Juan Dixon,WAS,42,15.4,0.4,0.2,0.4,0.384,0.0,0.1,0.298,0.1,0.1,0.804,0.0,0.1,0.1,0.1,0.0,0.0,0.1,0.1
104,Lindsey Hunter,TOR,29,23.2,0.4,0.2,0.4,0.351,0.1,0.2,0.318,0.1,0.1,0.723,0.0,0.1,0.1,0.1,0.1,0.0,0.1,0.1
105,Reggie Miller,IND,70,30.3,0.4,0.1,0.3,0.441,0.1,0.2,0.355,0.1,0.1,0.9,0.0,0.1,0.1,0.1,0.0,0.0,0.0,0.0
106,Rodney White,DEN,72,21.7,0.4,0.2,0.4,0.408,0.0,0.1,0.239,0.1,0.1,0.784,0.0,0.1,0.1,0.1,0.0,0.0,0.1,0.1
107,Desmond Mason,MIL,80,34.5,0.4,0.2,0.4,0.449,0.0,0.0,0.292,0.1,0.1,0.749,0.1,0.1,0.2,0.1,0.0,0.0,0.0,0.1
108,Derek Anderson,POR,76,33.6,0.4,0.1,0.3,0.427,0.0,0.1,0.35,0.1,0.1,0.859,0.0,0.1,0.1,0.1,0.0,0.0,0.1,0.1
109,Slava Medvedenko,LAL,58,10.7,0.4,0.2,0.4,0.434,0.0,0.0,0.0,0.1,0.1,0.721,0.1,0.1,0.2,0.0,0.0,0.0,0.1,0.2
110,Mo Taylor,HOU,67,20.6,0.4,0.2,0.4,0.432,0.0,0.0,0.0,0.1,0.1,0.725,0.1,0.1,0.2,0.0,0.0,0.0,0.1,0.1
111,Al Harrington,IND,82,30.1,0.4,0.2,0.4,0.434,0.0,0.0,0.283,0.1,0.1,0.77,0.1,0.1,0.2,0.1,0.0,0.0,0.1,0.1
112,Zeljko Rebraca,DET,30,16.3,0.4,0.2,0.3,0.552,0.0,0.0,0.0,0.1,0.1,0.792,0.1,0.1,0.2,0.0,0.0,0.0,0.1,0.2
113,Marc Jackson,MIN,77,13.5,0.4,0.1,0.3,0.438,0.0,0.0,1.0,0.1,0.1,0.765,0.1,0.1,0.2,0.0,0.0,0.0,0.1,0.1
114,Quentin Richardson,LAC,59,23.2,0.4,0.1,0.4,0.372,0.0,0.1,0.308,0.1,0.1,0.685,0.1,0.1,0.2,0.0,0.0,0.0,0.0,0.1
115,Lucious Harris,NJN,77,25.6,0.4,0.2,0.4,0.413,0.0,0.1,0.346,0.1,0.1,0.804,0.0,0.1,0.1,0.1,0.0,0.0,0.0,0.0
116,Lorenzen Wright,MEM,70,28.3,0.4,0.2,0.4,0.454,0.0,0.0,0.0,0.1,0.1,0.659,0.1,0.2,0.3,0.0,0.0,0.0,0.1,0.1
117,Larry Hughes,WAS,67,31.9,0.4,0.2,0.3,0.467,0.0,0.0,0.367,0.1,0.1,0.731,0.0,0.1,0.1,0.1,0.0,0.0,0.1,0.1
118,Eddie House,MIA,55,18.6,0.4,0.2,0.4,0.387,0.0,0.1,0.3,0.0,0.0,0.861,0.0,0.1,0.1,0.1,0.0,0.0,0.0,0.1
119,Austin Croshere,IND,49,12.9,0.4,0.1,0.3,0.411,0.0,0.1,0.391,0.1,0.1,0.815,0.1,0.2,0.2,0.1,0.0,0.0,0.0,0.1
120,Shandon Anderson,NYK,82,21.1,0.4,0.1,0.3,0.462,0.0,0.1,0.371,0.1,0.1,0.732,0.0,0.1,0.1,0.1,0.0,0.0,0.1,0.1
121,Raef LaFrentz,DAL,69,23.3,0.4,0.2,0.3,0.518,0.0,0.1,0.405,0.0,0.1,0.682,0.1,0.1,0.2,0.0,0.0,0.1,0.0,0.2
122,Carlos Boozer,CLE,81,25.3,0.4,0.2,0.3,0.536,0.0,0.0,0.0,0.1,0.1,0.771,0.1,0.2,0.3,0.1,0.0,0.0,0.1,0.1
123,Elden Campbell,SEA,56,15.5,0.4,0.1,0.3,0.397,0.0,0.0,0.0,0.1,0.2,0.801,0.1,0.2,0.2,0.1,0.0,0.0,0.1,0.1
124,Arvydas Sabonis,POR,78,15.5,0.4,0.1,0.3,0.476,0.0,0.0,0.5,0.1,0.1,0.787,0.1,0.2,0.3,0.1,0.1,0.0,0.1,0.1
125,Ruben Patterson,POR,78,21.2,0.4,0.2,0.3,0.492,0.0,0.0,0.15,0.1,0.1,0.627,0.1,0.1,0.2,0.1,0.0,0.0,0.1,0.1
126,Morris Peterson,TOR,82,36.0,0.4,0.1,0.4,0.392,0.0,0.1,0.337,0.1,0.1,0.789,0.0,0.1,0.1,0.1,0.0,0.0,0.0,0.1
127,Dion Glover,ATL,76,24.9,0.4,0.1,0.3,0.427,0.0,0.1,0.354,0.1,0.1,0.784,0.0,0.1,0.1,0.1,0.0,0.0,0.1,0.1
128,Gary Trent,MIN,80,15.3,0.4,0.2,0.3,0.535,0.0,0.0,0.0,0.0,0.1,0.594,0.1,0.2,0.2,0.1,0.0,0.0,0.0,0.1
129,Antonio Davis,TOR,53,35.7,0.4,0.1,0.3,0.407,0.0,0.0,0.0,0.1,0.1,0.771,0.1,0.2,0.2,0.1,0.0,0.0,0.1,0.1
130,Tierre Brown,CLE,14,11.9,0.4,0.2,0.4,0.458,0.0,0.0,0.0,0.1,0.1,0.786,0.0,0.1,0.2,0.2,0.1,0.0,0.1,0.1
131,Alvin Williams,TOR,78,33.8,0.4,0.2,0.3,0.438,0.0,0.1,0.329,0.1,0.1,0.782,0.0,0.1,0.1,0.2,0.0,0.0,0.0,0.1
132,John Stockton,UTA,82,27.7,0.4,0.1,0.3,0.483,0.0,0.0,0.363,0.1,0.1,0.826,0.0,0.1,0.1,0.3,0.1,0.0,0.1,0.1
133,Peja Drobnjak,SEA,82,24.2,0.4,0.2,0.4,0.412,0.0,0.0,0.353,0.0,0.1,0.791,0.1,0.1,0.2,0.0,0.0,0.0,0.0,0.1
134,Danny Manning,DET,12,7.3,0.4,0.1,0.4,0.406,0.0,0.1,0.375,0.1,0.1,0.833,0.1,0.1,0.2,0.1,0.1,0.0,0.1,0.1
135,Gerald Wallace,SAC,47,12.1,0.4,0.2,0.3,0.492,0.0,0.0,0.25,0.1,0.1,0.527,0.1,0.2,0.2,0.0,0.0,0.0,0.1,0.1
136,Tim Hardaway,IND,10,12.7,0.4,0.1,0.4,0.367,0.1,0.2,0.355,0.0,0.0,0.5,0.0,0.1,0.1,0.2,0.1,0.0,0.1,0.1
137,Chris Mills,GSW,21,12.5,0.4,0.1,0.4,0.368,0.0,0.1,0.28,0.1,0.1,0.889,0.1,0.1,0.2,0.1,0.0,0.0,0.0,0.1
138,Mike Batiste,MEM,75,16.7,0.4,0.2,0.4,0.422,0.0,0.1,0.222,0.1,0.1,0.784,0.1,0.1,0.2,0.0,0.0,0.0,0.1,0.1
139,Charles Cornelius Smith,POR,3,4.3,0.4,0.1,0.3,0.25,0.0,0.1,0.0,0.2,0.3,0.75,0.0,0.0,0.0,0.1,0.1,0.0,0.1,0.2
140,Courtney Alexander,NOP,66,20.6,0.4,0.1,0.4,0.382,0.0,0.0,0.333,0.1,0.1,0.808,0.0,0.1,0.1,0.1,0.0,0.0,0.1,0.1
141,Lonny Baxter,CHI,55,12.4,0.4,0.1,0.3,0.466,0.0,0.0,0.0,0.1,0.2,0.68,0.1,0.1,0.2,0.0,0.0,0.0,0.1,0.2
142,Qyntel Woods,POR,53,6.3,0.4,0.2,0.4,0.5,0.0,0.0,0.333,0.0,0.1,0.35,0.0,0.1,0.2,0.0,0.0,0.0,0.1,0.1
143,Primoz Brezec,IND,21,5.2,0.4,0.1,0.3,0.395,0.0,0.0,0.0,0.1,0.2,0.6,0.1,0.1,0.2,0.0,0.0,0.0,0.1,0.1
144,Jason Williams,MEM,76,31.7,0.4,0.1,0.4,0.388,0.1,0.2,0.354,0.0,0.1,0.84,0.0,0.1,0.1,0.3,0.0,0.0,0.1,0.1
145,Chris Mihm,CLE,52,15.6,0.4,0.1,0.4,0.404,0.0,0.0,0.0,0.1,0.1,0.724,0.1,0.2,0.3,0.0,0.0,0.0,0.1,0.2
146,Hedo Turkoglu,SAC,67,17.5,0.4,0.1,0.3,0.422,0.0,0.1,0.372,0.1,0.1,0.8,0.0,0.1,0.2,0.1,0.0,0.0,0.0,0.1
147,Vladimir Radmanovic,SEA,72,26.5,0.4,0.1,0.3,0.41,0.1,0.2,0.355,0.0,0.1,0.706,0.0,0.1,0.2,0.1,0.0,0.0,0.1,0.1
148,Donnell Harvey,DEN,77,20.9,0.4,0.2,0.3,0.446,0.0,0.0,0.143,0.1,0.1,0.67,0.1,0.2,0.3,0.1,0.0,0.0,0.1,0.1
149,Tyson Chandler,CHI,75,24.3,0.4,0.1,0.3,0.531,0.0,0.0,0.0,0.1,0.2,0.608,0.1,0.2,0.3,0.0,0.0,0.1,0.1,0.1
150,Maceo Baston,TOR,16,6.6,0.4,0.1,0.2,0.6,0.0,0.0,0.0,0.1,0.1,0.833,0.0,0.2,0.2,0.0,0.0,0.1,0.1,0.2
151,Jon Barry,DET,80,18.4,0.4,0.1,0.3,0.45,0.1,0.1,0.407,0.1,0.1,0.86,0.0,0.1,0.1,0.1,0.0,0.0,0.1,0.1
152,Bostjan Nachbar,HOU,14,5.5,0.4,0.1,0.4,0.355,0.0,0.1,0.2,0.1,0.1,0.5,0.0,0.1,0.1,0.0,0.0,0.0,0.1,0.2
153,Wesley Person,MEM,66,29.4,0.4,0.1,0.3,0.456,0.1,0.1,0.433,0.0,0.0,0.814,0.0,0.1,0.1,0.1,0.0,0.0,0.0,0.0
154,Rafer Alston,TOR,47,20.8,0.4,0.1,0.3,0.415,0.1,0.1,0.392,0.0,0.1,0.685,0.0,0.1,0.1,0.2,0.0,0.0,0.1,0.1
155,Andre Miller,LAC,80,36.4,0.4,0.1,0.3,0.406,0.0,0.0,0.213,0.1,0.1,0.795,0.0,0.1,0.1,0.2,0.0,0.0,0.1,0.1
156,Maybyner Nene,DEN,80,28.1,0.4,0.1,0.3,0.519,0.0,0.0,0.0,0.1,0.2,0.578,0.1,0.1,0.2,0.1,0.1,0.0,0.1,0.1
157,Jim Jackson,SAC,63,20.8,0.4,0.2,0.4,0.442,0.0,0.1,0.451,0.0,0.0,0.855,0.1,0.1,0.2,0.1,0.0,0.0,0.1,0.1
158,Jonathan Bender,IND,46,17.8,0.4,0.1,0.3,0.441,0.0,0.1,0.358,0.1,0.1,0.714,0.1,0.1,0.2,0.1,0.0,0.1,0.1,0.1
159,Smush Parker,CLE,66,16.7,0.4,0.1,0.3,0.402,0.0,0.1,0.322,0.1,0.1,0.831,0.0,0.1,0.1,0.1,0.0,0.0,0.1,0.1
160,Rasho Nesterovic,MIN,77,30.4,0.4,0.2,0.3,0.525,0.0,0.0,0.0,0.0,0.0,0.642,0.1,0.2,0.2,0.0,0.0,0.0,0.0,0.1
161,Todd MacCulloch,PHI,42,19.4,0.4,0.2,0.3,0.517,0.0,0.0,0.0,0.1,0.1,0.671,0.1,0.2,0.2,0.0,0.0,0.0,0.0,0.1
162,Troy Murphy,GSW,79,31.8,0.4,0.1,0.3,0.451,0.0,0.0,0.214,0.1,0.1,0.841,0.1,0.2,0.3,0.0,0.0,0.0,0.0,0.1
163,Speedy Claxton,SAS,30,15.7,0.4,0.1,0.3,0.462,0.0,0.0,0.0,0.1,0.1,0.684,0.0,0.1,0.1,0.2,0.0,0.0,0.1,0.1
164,DeShawn Stevenson,UTA,61,12.5,0.4,0.2,0.4,0.401,0.0,0.0,0.333,0.1,0.1,0.691,0.0,0.1,0.1,0.1,0.0,0.0,0.1,0.1
165,Rodney Rogers,NJN,68,19.2,0.4,0.1,0.3,0.402,0.0,0.1,0.333,0.1,0.1,0.756,0.0,0.2,0.2,0.1,0.0,0.0,0.1,0.1
166,Manu Ginobili,SAS,69,20.8,0.4,0.1,0.3,0.438,0.0,0.1,0.345,0.1,0.1,0.737,0.0,0.1,0.1,0.1,0.1,0.0,0.1,0.1
167,Marcus Haislip,MIL,39,11.3,0.4,0.1,0.3,0.431,0.0,0.0,0.25,0.1,0.1,0.684,0.0,0.1,0.1,0.0,0.0,0.0,0.0,0.1
168,Jay Williams,CHI,75,26.1,0.4,0.1,0.3,0.399,0.0,0.1,0.322,0.1,0.1,0.64,0.0,0.1,0.1,0.2,0.0,0.0,0.1,0.1
169,Efthimios Rentzias,PHI,35,4.1,0.4,0.1,0.4,0.339,0.0,0.1,0.5,0.1,0.1,0.889,0.1,0.1,0.2,0.0,0.0,0.0,0.0,0.1
170,Glen Rice,HOU,62,24.7,0.4,0.1,0.3,0.429,0.1,0.2,0.398,0.0,0.1,0.759,0.0,0.1,0.1,0.0,0.0,0.0,0.0,0.1
171,Avery Johnson,DAL,48,9.0,0.4,0.1,0.3,0.42,0.0,0.0,0.0,0.1,0.1,0.769,0.0,0.0,0.1,0.1,0.0,0.0,0.1,0.1
172,Joe Smith,MIN,54,20.7,0.4,0.1,0.3,0.46,0.0,0.0,0.0,0.1,0.1,0.779,0.1,0.1,0.2,0.0,0.0,0.0,0.0,0.2
173,Keyon Dooling,LAC,55,17.6,0.4,0.1,0.3,0.389,0.1,0.1,0.36,0.0,0.1,0.772,0.0,0.1,0.1,0.1,0.0,0.0,0.1,0.1
174,Mehmet Okur,DET,72,19.0,0.4,0.1,0.3,0.426,0.0,0.1,0.339,0.1,0.1,0.733,0.1,0.2,0.2,0.1,0.0,0.0,0.0,0.1
175,Scottie Pippen,POR,64,29.9,0.4,0.1,0.3,0.444,0.0,0.1,0.286,0.1,0.1,0.818,0.0,0.1,0.1,0.1,0.1,0.0,0.1,0.1
176,Jerome James,SEA,51,15.0,0.4,0.1,0.3,0.478,0.0,0.0,0.0,0.1,0.1,0.587,0.1,0.2,0.3,0.0,0.0,0.1,0.1,0.2
177,Erick Strickland,IND,71,18.0,0.4,0.1,0.3,0.429,0.0,0.1,0.388,0.1,0.1,0.805,0.0,0.1,0.1,0.2,0.0,0.0,0.1,0.1
178,Marcus Camby,DEN,29,21.2,0.4,0.2,0.4,0.41,0.0,0.0,0.4,0.1,0.1,0.66,0.1,0.2,0.3,0.1,0.0,0.1,0.0,0.1
179,Mike Dunleavy,GSW,82,15.9,0.4,0.1,0.3,0.403,0.0,0.1,0.347,0.1,0.1,0.78,0.1,0.1,0.2,0.1,0.0,0.0,0.1,0.1
180,Rasual Butler,MIA,72,21.0,0.4,0.1,0.4,0.362,0.0,0.1,0.292,0.1,0.1,0.731,0.0,0.1,0.1,0.1,0.0,0.0,0.1,0.1
181,Nazr Mohammed,ATL,35,12.8,0.4,0.1,0.4,0.421,0.0,0.0,0.0,0.1,0.1,0.634,0.1,0.2,0.3,0.0,0.0,0.0,0.1,0.2
182,Chris Wilcox,LAC,46,10.4,0.4,0.2,0.3,0.521,0.0,0.0,0.0,0.1,0.1,0.5,0.1,0.2,0.2,0.0,0.0,0.0,0.1,0.1
183,Joe Johnson,PHX,82,27.5,0.4,0.1,0.4,0.397,0.0,0.1,0.366,0.0,0.1,0.774,0.0,0.1,0.1,0.1,0.0,0.0,0.0,0.1
184,Jumaine Jones,CLE,80,27.6,0.4,0.1,0.3,0.434,0.1,0.1,0.354,0.0,0.0,0.687,0.0,0.1,0.2,0.1,0.0,0.0,0.0,0.1
185,Dan Dickau,ATL,50,10.3,0.4,0.1,0.3,0.412,0.0,0.1,0.361,0.0,0.1,0.808,0.0,0.1,0.1,0.2,0.0,0.0,0.1,0.1
186,Marko Jaric,LAC,66,20.9,0.4,0.1,0.3,0.401,0.0,0.1,0.319,0.1,0.1,0.752,0.0,0.1,0.1,0.1,0.1,0.0,0.1,0.1
187,Bob Sura,GSW,55,20.5,0.4,0.1,0.3,0.412,0.0,0.1,0.329,0.1,0.1,0.696,0.1,0.1,0.1,0.2,0.0,0.0,0.1,0.1
188,Etan Thomas,WAS,38,13.5,0.4,0.1,0.2,0.492,0.0,0.0,0.0,0.1,0.2,0.638,0.1,0.2,0.3,0.0,0.0,0.0,0.1,0.1
189,James Posey,HOU,83,30.3,0.4,0.1,0.3,0.411,0.0,0.1,0.306,0.1,0.1,0.833,0.0,0.1,0.2,0.1,0.0,0.0,0.1,0.1
190,LaPhonso Ellis,MIA,55,14.3,0.4,0.1,0.3,0.382,0.0,0.1,0.252,0.1,0.1,0.758,0.1,0.1,0.2,0.0,0.0,0.0,0.0,0.1
191,Kevin Willis,SAS,71,11.8,0.4,0.1,0.3,0.479,0.0,0.0,0.0,0.1,0.1,0.614,0.1,0.2,0.3,0.0,0.0,0.0,0.1,0.1
192,Scott Padgett,UTA,82,16.1,0.4,0.1,0.3,0.402,0.0,0.1,0.338,0.1,0.1,0.757,0.1,0.1,0.2,0.1,0.0,0.0,0.1,0.1
193,Mike James,MIA,78,22.1,0.4,0.1,0.3,0.373,0.0,0.1,0.294,0.1,0.1,0.732,0.0,0.1,0.1,0.1,0.0,0.0,0.1,0.1
194,Eddie Griffin,HOU,77,24.5,0.4,0.1,0.4,0.4,0.0,0.1,0.333,0.0,0.0,0.617,0.1,0.2,0.2,0.0,0.0,0.1,0.0,0.1
195,J.R. Bremer,BOS,64,23.5,0.4,0.1,0.3,0.369,0.1,0.2,0.353,0.1,0.1,0.766,0.0,0.1,0.1,0.1,0.0,0.0,0.0,0.1
196,Cliff Robinson,DET,81,34.9,0.4,0.1,0.3,0.398,0.0,0.1,0.336,0.1,0.1,0.676,0.0,0.1,0.1,0.1,0.0,0.0,0.1,0.1
197,Tony Delk,BOS,67,28.0,0.3,0.1,0.3,0.416,0.1,0.2,0.395,0.0,0.0,0.782,0.0,0.1,0.1,0.1,0.0,0.0,0.0,0.1
198,Steve Smith,SAS,53,19.5,0.3,0.1,0.3,0.388,0.0,0.1,0.331,0.1,0.1,0.833,0.0,0.1,0.1,0.1,0.0,0.0,0.0,0.1
199,Brandon Armstrong,NJN,17,4.1,0.3,0.1,0.4,0.333,0.0,0.1,0.167,0.1,0.1,0.833,0.0,0.1,0.1,0.0,0.0,0.0,0.1,0.1
200,Sean Lampley,MIA,35,13.9,0.3,0.1,0.3,0.434,0.0,0.0,0.0,0.1,0.2,0.695,0.1,0.1,0.2,0.1,0.0,0.0,0.1,0.1
201,Jason Collier,HOU,13,8.0,0.3,0.2,0.3,0.472,0.0,0.0,0.0,0.0,0.0,1.0,0.1,0.2,0.3,0.0,0.0,0.0,0.0,0.1
202,Penny Hardaway,PHX,58,30.7,0.3,0.1,0.3,0.447,0.0,0.0,0.356,0.0,0.1,0.794,0.0,0.1,0.1,0.1,0.0,0.0,0.1,0.1
203,Derrick Coleman,PHI,64,27.2,0.3,0.1,0.3,0.448,0.0,0.0,0.328,0.1,0.1,0.784,0.1,0.2,0.3,0.0,0.0,0.0,0.1,0.1
204,Kendall Gill,MIN,82,25.2,0.3,0.1,0.3,0.422,0.0,0.0,0.322,0.1,0.1,0.764,0.0,0.1,0.1,0.1,0.0,0.0,0.1,0.1
205,Tony Massenburg,UTA,58,13.7,0.3,0.1,0.3,0.448,0.0,0.0,0.0,0.1,0.1,0.774,0.1,0.1,0.2,0.0,0.0,0.0,0.1,0.2
206,Jamaal Magloire,NOP,82,29.8,0.3,0.1,0.3,0.48,0.0,0.0,0.0,0.1,0.1,0.717,0.1,0.2,0.3,0.0,0.0,0.0,0.1,0.1
207,Pat Burke,ORL,62,12.6,0.3,0.1,0.4,0.382,0.0,0.0,0.143,0.1,0.1,0.69,0.1,0.1,0.2,0.0,0.0,0.0,0.1,0.1
208,Erick Dampier,GSW,82,24.1,0.3,0.1,0.3,0.496,0.0,0.0,0.0,0.1,0.1,0.698,0.1,0.1,0.3,0.0,0.0,0.1,0.1,0.1
209,Eric Snow,PHI,82,37.9,0.3,0.1,0.3,0.452,0.0,0.0,0.219,0.1,0.1,0.858,0.0,0.1,0.1,0.2,0.0,0.0,0.1,0.1
210,Dan Langhi,PHX,60,9.0,0.3,0.2,0.4,0.401,0.0,0.1,0.29,0.0,0.0,0.6,0.0,0.1,0.2,0.0,0.0,0.0,0.0,0.1
211,Kenny Thomas,PHI,66,30.0,0.3,0.1,0.3,0.465,0.0,0.0,0.0,0.1,0.1,0.746,0.1,0.2,0.3,0.1,0.0,0.0,0.1,0.1
212,Chris Whitney,ORL,51,20.6,0.3,0.1,0.3,0.355,0.0,0.2,0.305,0.1,0.1,0.826,0.0,0.1,0.1,0.1,0.0,0.0,0.1,0.1
213,Chris Andersen,DEN,59,15.4,0.3,0.1,0.3,0.4,0.0,0.0,0.0,0.1,0.2,0.55,0.1,0.2,0.3,0.0,0.0,0.1,0.1,0.1
214,Pat Garrity,ORL,81,31.9,0.3,0.1,0.3,0.419,0.1,0.2,0.396,0.0,0.0,0.83,0.0,0.1,0.1,0.0,0.0,0.0,0.0,0.1
215,Tamar Slay,NJN,36,7.6,0.3,0.1,0.4,0.379,0.0,0.1,0.28,0.0,0.0,0.7,0.0,0.1,0.1,0.1,0.1,0.0,0.1,0.1
216,Rod Strickland,MIN,47,20.3,0.3,0.1,0.3,0.432,0.0,0.0,0.091,0.1,0.1,0.738,0.0,0.1,0.1,0.2,0.0,0.0,0.1,0.1
217,Ron Mercer,IND,72,23.1,0.3,0.1,0.4,0.409,0.0,0.0,0.188,0.0,0.0,0.802,0.0,0.1,0.1,0.1,0.0,0.0,0.0,0.1
218,Jelani McCoy,TOR,67,20.4,0.3,0.1,0.3,0.491,0.0,0.0,0.0,0.1,0.1,0.548,0.1,0.2,0.3,0.0,0.0,0.0,0.1,0.1
219,Kwame Brown,WAS,80,22.2,0.3,0.1,0.3,0.446,0.0,0.0,0.0,0.1,0.1,0.668,0.1,0.2,0.2,0.0,0.0,0.0,0.1,0.1
220,Travis Best,MIA,72,25.1,0.3,0.1,0.3,0.396,0.0,0.1,0.33,0.1,0.1,0.854,0.0,0.1,0.1,0.1,0.0,0.0,0.1,0.1
221,Brian Skinner,PHI,77,17.9,0.3,0.1,0.2,0.55,0.0,0.0,0.0,0.1,0.1,0.602,0.1,0.2,0.3,0.0,0.0,0.0,0.0,0.1
222,Vlade Divac,SAC,80,29.8,0.3,0.1,0.3,0.466,0.0,0.0,0.24,0.1,0.1,0.713,0.1,0.2,0.2,0.1,0.0,0.0,0.1,0.1
223,Shammond Williams,DEN,78,24.1,0.3,0.1,0.3,0.394,0.0,0.1,0.356,0.0,0.1,0.765,0.0,0.1,0.1,0.1,0.0,0.0,0.1,0.1
224,Monty Williams,PHI,21,13.1,0.3,0.1,0.3,0.425,0.0,0.0,0.0,0.1,0.1,0.75,0.0,0.1,0.2,0.1,0.0,0.0,0.1,0.1
225,Michael Dickerson,MEM,6,14.5,0.3,0.1,0.3,0.417,0.0,0.1,0.364,0.1,0.1,1.0,0.0,0.1,0.1,0.1,0.1,0.0,0.1,0.2
226,Howard Eisley,NYK,82,27.3,0.3,0.1,0.3,0.417,0.1,0.2,0.389,0.0,0.0,0.848,0.0,0.1,0.1,0.2,0.0,0.0,0.1,0.1
227,Malik Allen,MIA,80,29.0,0.3,0.1,0.3,0.424,0.0,0.0,0.0,0.0,0.1,0.802,0.1,0.1,0.2,0.0,0.0,0.0,0.1,0.1
228,Chucky Atkins,DET,65,21.5,0.3,0.1,0.3,0.361,0.1,0.2,0.355,0.0,0.0,0.816,0.0,0.1,0.1,0.1,0.0,0.0,0.1,0.1
229,Jeff McInnis,POR,75,17.5,0.3,0.1,0.3,0.444,0.0,0.0,0.171,0.0,0.1,0.746,0.0,0.1,0.1,0.1,0.0,0.0,0.1,0.1
230,Mamadou N'Diaye,TOR,22,16.5,0.3,0.1,0.3,0.448,0.0,0.0,0.0,0.1,0.1,0.723,0.1,0.1,0.2,0.0,0.0,0.1,0.1,0.2
231,Jason Caffey,MIL,51,17.5,0.3,0.1,0.3,0.456,0.0,0.0,0.0,0.1,0.1,0.651,0.1,0.1,0.2,0.0,0.0,0.0,0.1,0.1
232,Robert Pack,NOP,28,15.7,0.3,0.1,0.3,0.403,0.0,0.0,0.0,0.1,0.1,0.745,0.0,0.1,0.1,0.2,0.1,0.0,0.1,0.1
233,Shawn Kemp,ORL,79,20.7,0.3,0.1,0.3,0.418,0.0,0.0,0.0,0.1,0.1,0.742,0.1,0.2,0.3,0.0,0.0,0.0,0.1,0.1
234,Kenny Anderson,NOP,61,18.6,0.3,0.1,0.3,0.427,0.0,0.0,0.143,0.0,0.1,0.789,0.0,0.1,0.1,0.2,0.1,0.0,0.1,0.1
235,Darrell Armstrong,ORL,82,28.7,0.3,0.1,0.3,0.409,0.0,0.1,0.336,0.1,0.1,0.878,0.0,0.1,0.1,0.1,0.1,0.0,0.1,0.1
236,Tyronn Lue,WAS,75,26.5,0.3,0.1,0.3,0.433,0.0,0.1,0.341,0.0,0.1,0.875,0.0,0.1,0.1,0.1,0.0,0.0,0.0,0.1
237,David Robinson,SAS,64,26.2,0.3,0.1,0.3,0.469,0.0,0.0,0.0,0.1,0.1,0.71,0.1,0.2,0.3,0.0,0.0,0.1,0.0,0.1
238,Predrag Savovic,DEN,27,9.5,0.3,0.1,0.4,0.312,0.0,0.1,0.154,0.1,0.1,0.724,0.0,0.1,0.1,0.1,0.1,0.0,0.1,0.1
239,Lawrence Funderburke,SAC,27,8.5,0.3,0.1,0.3,0.444,0.0,0.0,0.0,0.0,0.1,0.588,0.1,0.2,0.2,0.0,0.0,0.0,0.0,0.1
240,Devin Brown,DEN,10,9.3,0.3,0.1,0.4,0.343,0.0,0.0,0.0,0.1,0.1,0.75,0.1,0.1,0.2,0.1,0.0,0.0,0.1,0.2
241,Michael Olowokandi,LAC,36,38.0,0.3,0.1,0.3,0.427,0.0,0.0,0.0,0.1,0.1,0.657,0.0,0.2,0.2,0.0,0.0,0.1,0.1,0.1
242,Charlie Ward,NYK,66,22.2,0.3,0.1,0.3,0.399,0.1,0.2,0.378,0.0,0.0,0.774,0.0,0.1,0.1,0.2,0.1,0.0,0.1,0.1
243,Casey Jacobsen,PHX,72,15.9,0.3,0.1,0.3,0.373,0.0,0.1,0.315,0.1,0.1,0.686,0.0,0.0,0.1,0.1,0.0,0.0,0.0,0.1
244,Anthony Johnson,NJN,66,12.8,0.3,0.1,0.3,0.446,0.0,0.0,0.371,0.1,0.1,0.689,0.0,0.1,0.1,0.1,0.0,0.0,0.0,0.1
245,Brian Grant,MIA,82,32.2,0.3,0.1,0.3,0.509,0.0,0.0,0.0,0.1,0.1,0.771,0.1,0.2,0.3,0.0,0.0,0.0,0.0,0.1
246,Igor Rakocevic,MIN,42,5.8,0.3,0.1,0.2,0.379,0.0,0.0,0.417,0.1,0.1,0.806,0.0,0.1,0.1,0.1,0.0,0.0,0.1,0.1
247,P.J. Brown,NOP,78,33.4,0.3,0.1,0.2,0.531,0.0,0.0,0.0,0.1,0.1,0.836,0.1,0.2,0.3,0.1,0.0,0.0,0.0,0.1
248,Jerome Moiso,NOP,51,12.6,0.3,0.1,0.3,0.52,0.0,0.0,0.0,0.0,0.1,0.659,0.1,0.2,0.3,0.0,0.0,0.1,0.1,0.1
249,Bobby Simmons,WAS,35,10.8,0.3,0.1,0.3,0.393,0.0,0.0,0.0,0.1,0.1,0.914,0.1,0.1,0.2,0.1,0.0,0.0,0.0,0.1
250,Tracy Murray,LAL,30,6.4,0.3,0.1,0.4,0.324,0.0,0.2,0.211,0.0,0.0,0.778,0.0,0.1,0.1,0.1,0.0,0.0,0.1,0.1
251,Eric Williams,BOS,82,28.7,0.3,0.1,0.2,0.442,0.0,0.0,0.336,0.1,0.1,0.75,0.1,0.1,0.2,0.1,0.0,0.0,0.0,0.1
252,Shane Battier,MEM,78,30.6,0.3,0.1,0.2,0.483,0.0,0.1,0.398,0.1,0.1,0.828,0.1,0.1,0.1,0.0,0.0,0.0,0.0,0.1
253,Scot Pollard,SAC,23,14.1,0.3,0.1,0.3,0.46,0.0,0.0,0.0,0.1,0.1,0.605,0.1,0.2,0.3,0.0,0.0,0.0,0.0,0.2
254,Earl Watson,MEM,79,17.3,0.3,0.1,0.3,0.435,0.0,0.1,0.341,0.0,0.1,0.721,0.0,0.1,0.1,0.2,0.1,0.0,0.1,0.1
255,Damon Jones,SAC,49,14.5,0.3,0.1,0.3,0.381,0.1,0.2,0.364,0.0,0.0,0.741,0.0,0.1,0.1,0.1,0.0,0.0,0.0,0.1
256,Tayshaun Prince,DET,42,10.4,0.3,0.1,0.3,0.449,0.0,0.1,0.426,0.0,0.0,0.647,0.0,0.1,0.1,0.1,0.0,0.0,0.0,0.1
257,Robert Traylor,NOP,69,12.3,0.3,0.1,0.3,0.443,0.0,0.0,0.333,0.1,0.1,0.648,0.1,0.2,0.3,0.1,0.1,0.0,0.1,0.2
258,Michael Doleac,NYK,75,13.9,0.3,0.1,0.3,0.426,0.0,0.0,0.0,0.0,0.0,0.783,0.1,0.1,0.2,0.0,0.0,0.0,0.0,0.1
259,Steve Kerr,SAS,75,12.7,0.3,0.1,0.3,0.43,0.1,0.1,0.395,0.0,0.0,0.882,0.0,0.1,0.1,0.1,0.0,0.0,0.0,0.1
260,Tito Maddox,HOU,9,3.9,0.3,0.1,0.3,0.25,0.0,0.1,0.0,0.1,0.2,0.625,0.0,0.2,0.2,0.1,0.1,0.0,0.1,0.1
261,Shawn Bradley,DAL,81,21.4,0.3,0.1,0.2,0.536,0.0,0.0,0.0,0.1,0.1,0.806,0.1,0.2,0.3,0.0,0.0,0.1,0.0,0.1
262,Aaron Williams,NJN,81,19.7,0.3,0.1,0.3,0.453,0.0,0.0,0.0,0.1,0.1,0.785,0.1,0.1,0.2,0.1,0.0,0.0,0.1,0.1
263,Scott Williams,PHX,69,12.6,0.3,0.1,0.3,0.411,0.0,0.0,0.0,0.0,0.0,0.786,0.1,0.1,0.2,0.0,0.0,0.0,0.0,0.2
264,Walt Williams,DAL,66,17.6,0.3,0.1,0.3,0.393,0.1,0.1,0.374,0.0,0.0,0.62,0.0,0.1,0.2,0.1,0.0,0.0,0.0,0.1
265,Rick Fox,LAL,76,28.7,0.3,0.1,0.3,0.422,0.0,0.1,0.375,0.0,0.0,0.754,0.0,0.1,0.1,0.1,0.0,0.0,0.1,0.1
266,Brent Barry,SEA,75,33.1,0.3,0.1,0.2,0.458,0.0,0.1,0.403,0.1,0.1,0.795,0.0,0.1,0.1,0.2,0.0,0.0,0.1,0.1
267,Damon Stoudamire,POR,59,22.3,0.3,0.1,0.3,0.376,0.0,0.1,0.386,0.0,0.1,0.791,0.0,0.1,0.1,0.2,0.0,0.0,0.1,0.1
268,Othella Harrington,NYK,74,25.0,0.3,0.1,0.2,0.508,0.0,0.0,0.0,0.1,0.1,0.82,0.1,0.2,0.3,0.0,0.0,0.0,0.0,0.1
269,Darius Miles,CLE,67,30.0,0.3,0.1,0.3,0.41,0.0,0.0,0.0,0.0,0.1,0.594,0.1,0.1,0.2,0.1,0.0,0.0,0.1,0.1
270,Mark Strickland,DAL,4,3.3,0.3,0.2,0.4,0.4,0.0,0.0,0.0,0.0,0.0,0.0,0.4,0.2,0.5,0.0,0.0,0.0,0.1,0.1
271,Rick Brunson,CHI,17,11.5,0.3,0.1,0.3,0.46,0.0,0.0,0.667,0.1,0.1,0.833,0.0,0.1,0.1,0.2,0.1,0.0,0.1,0.1
272,Horace Grant,ORL,5,17.0,0.3,0.2,0.3,0.52,0.0,0.0,0.0,0.0,0.0,0.0,0.0,0.1,0.1,0.1,0.0,0.0,0.0,0.1
273,Derek Fisher,LAL,82,34.5,0.3,0.1,0.3,0.437,0.0,0.1,0.401,0.0,0.0,0.8,0.0,0.1,0.1,0.1,0.0,0.0,0.0,0.1
274,Devean George,LAL,71,22.7,0.3,0.1,0.3,0.39,0.0,0.1,0.371,0.1,0.1,0.79,0.1,0.1,0.2,0.1,0.0,0.0,0.0,0.1
275,Aaron McKie,PHI,80,29.7,0.3,0.1,0.3,0.429,0.0,0.0,0.33,0.0,0.1,0.836,0.0,0.1,0.1,0.1,0.1,0.0,0.0,0.1
276,Keon Clark,SAC,80,22.3,0.3,0.1,0.3,0.501,0.0,0.0,0.0,0.0,0.1,0.656,0.1,0.2,0.3,0.0,0.0,0.1,0.1,0.1
277,Calbert Cheaney,UTA,81,29.0,0.3,0.1,0.3,0.499,0.0,0.0,0.4,0.0,0.0,0.58,0.0,0.1,0.1,0.1,0.0,0.0,0.0,0.1
278,Greg Buckner,PHI,75,20.2,0.3,0.1,0.3,0.465,0.0,0.0,0.273,0.0,0.1,0.802,0.0,0.1,0.1,0.1,0.0,0.0,0.0,0.1
279,Jake Tsakalidis,PHX,33,16.4,0.3,0.1,0.2,0.452,0.0,0.0,0.0,0.1,0.1,0.672,0.1,0.1,0.2,0.0,0.0,0.0,0.0,0.1
280,Chris Jefferies,TOR,51,13.0,0.3,0.1,0.3,0.387,0.0,0.1,0.333,0.0,0.1,0.674,0.0,0.1,0.1,0.0,0.0,0.0,0.1,0.1
281,Melvin Ely,LAC,52,15.4,0.3,0.1,0.2,0.495,0.0,0.0,0.0,0.1,0.1,0.703,0.1,0.1,0.2,0.0,0.0,0.0,0.1,0.1
282,Jerome Williams,TOR,71,33.0,0.3,0.1,0.2,0.499,0.0,0.0,0.167,0.1,0.1,0.555,0.1,0.2,0.3,0.0,0.0,0.0,0.0,0.1
283,Vincent Yarbrough,DEN,59,23.4,0.3,0.1,0.3,0.393,0.0,0.1,0.269,0.0,0.0,0.79,0.0,0.1,0.1,0.1,0.0,0.0,0.1,0.1
284,Ira Newble,ATL,73,26.5,0.3,0.1,0.2,0.495,0.0,0.0,0.381,0.0,0.0,0.778,0.0,0.1,0.1,0.1,0.0,0.0,0.0,0.1
285,Jahidi White,WAS,16,14.4,0.3,0.1,0.2,0.472,0.0,0.0,0.0,0.1,0.1,0.68,0.2,0.2,0.3,0.0,0.0,0.1,0.0,0.1
286,Nate Huffman,TOR,7,11.3,0.3,0.1,0.3,0.36,0.0,0.0,0.0,0.1,0.1,0.625,0.1,0.2,0.3,0.1,0.0,0.0,0.0,0.2
287,Mateen Cleaves,SAC,12,4.6,0.3,0.1,0.4,0.261,0.0,0.0,1.0,0.1,0.1,0.75,0.0,0.1,0.1,0.2,0.0,0.0,0.3,0.1
288,Steven Hunter,ORL,33,13.5,0.3,0.1,0.2,0.544,0.0,0.0,0.0,0.0,0.1,0.409,0.1,0.1,0.2,0.0,0.0,0.1,0.0,0.1
289,Anthony Goldwire,WAS,15,5.7,0.3,0.1,0.3,0.36,0.0,0.1,0.333,0.0,0.1,0.571,0.0,0.1,0.1,0.0,0.0,0.0,0.1,0.1
290,Eduardo Najera,DAL,48,23.0,0.3,0.1,0.2,0.558,0.0,0.0,0.0,0.1,0.1,0.681,0.1,0.1,0.2,0.0,0.0,0.0,0.0,0.1
291,Cherokee Parks,LAC,30,21.6,0.3,0.1,0.3,0.503,0.0,0.0,0.5,0.0,0.1,0.605,0.1,0.1,0.2,0.0,0.0,0.0,0.0,0.1
292,Tony Battie,BOS,67,25.1,0.3,0.1,0.2,0.539,0.0,0.0,0.2,0.1,0.1,0.746,0.1,0.2,0.3,0.0,0.0,0.0,0.0,0.1
293,Tom Gugliotta,PHX,27,16.6,0.3,0.1,0.3,0.455,0.0,0.0,0.0,0.0,0.0,1.0,0.1,0.2,0.2,0.1,0.0,0.0,0.1,0.1
294,Antonio Daniels,POR,67,13.0,0.3,0.1,0.2,0.452,0.0,0.1,0.305,0.1,0.1,0.855,0.0,0.1,0.1,0.1,0.0,0.0,0.0,0.0
295,Terence Morris,HOU,49,12.9,0.3,0.1,0.3,0.466,0.0,0.1,0.219,0.0,0.0,0.786,0.1,0.1,0.2,0.0,0.0,0.0,0.0,0.1
296,Vin Baker,BOS,52,18.1,0.3,0.1,0.2,0.478,0.0,0.0,0.0,0.1,0.1,0.673,0.1,0.1,0.2,0.0,0.0,0.0,0.1,0.2
297,Tremaine Fowlkes,LAC,37,15.5,0.3,0.1,0.2,0.438,0.0,0.0,0.222,0.1,0.1,0.847,0.1,0.1,0.2,0.0,0.0,0.0,0.0,0.1
298,Mark Blount,BOS,81,17.3,0.3,0.1,0.2,0.432,0.0,0.0,0.0,0.1,0.1,0.727,0.1,0.1,0.2,0.0,0.0,0.0,0.1,0.1
299,Soumaila Samake,LAL,13,5.9,0.3,0.1,0.3,0.417,0.0,0.0,0.0,0.0,0.0,1.0,0.1,0.2,0.3,0.1,0.0,0.1,0.0,0.2
300,Jarron Collins,UTA,22,19.1,0.3,0.1,0.2,0.442,0.0,0.0,0.0,0.1,0.1,0.71,0.1,0.1,0.1,0.0,0.0,0.0,0.0,0.2
301,Christian Laettner,WAS,76,29.2,0.3,0.1,0.2,0.494,0.0,0.0,0.125,0.1,0.1,0.833,0.1,0.2,0.2,0.1,0.0,0.0,0.0,0.1
302,Art Long,TOR,26,8.1,0.3,0.1,0.4,0.373,0.0,0.0,0.667,0.0,0.0,0.2,0.1,0.2,0.3,0.0,0.0,0.1,0.1,0.2
303,Kevin Ollie,SEA,82,23.1,0.3,0.1,0.2,0.451,0.0,0.0,0.333,0.1,0.1,0.753,0.0,0.1,0.1,0.2,0.0,0.0,0.0,0.1
304,Jacque Vaughn,ORL,80,21.1,0.3,0.1,0.2,0.448,0.0,0.0,0.235,0.1,0.1,0.776,0.0,0.1,0.1,0.1,0.0,0.0,0.1,0.1
305,Anthony Peeler,MIN,82,27.4,0.3,0.1,0.3,0.414,0.0,0.1,0.41,0.0,0.0,0.78,0.0,0.1,0.1,0.1,0.0,0.0,0.0,0.1
306,Theo Ratliff,ATL,81,31.1,0.3,0.1,0.2,0.464,0.0,0.0,0.0,0.1,0.1,0.72,0.1,0.2,0.2,0.0,0.0,0.1,0.1,0.1
307,Tariq Abdul-Wahad,DAL,14,14.6,0.3,0.1,0.3,0.466,0.0,0.0,0.0,0.0,0.0,0.5,0.1,0.1,0.2,0.1,0.0,0.0,0.0,0.1
308,Joseph Forte,SEA,17,5.1,0.3,0.1,0.4,0.286,0.0,0.0,0.0,0.0,0.1,0.667,0.0,0.1,0.1,0.1,0.0,0.0,0.1,0.1
309,Brian Shaw,LAL,71,12.7,0.3,0.1,0.3,0.387,0.0,0.1,0.349,0.0,0.0,0.667,0.0,0.1,0.1,0.1,0.0,0.0,0.1,0.1
310,Vladimir Stepania,MIA,79,20.2,0.3,0.1,0.3,0.433,0.0,0.0,0.0,0.0,0.1,0.53,0.1,0.2,0.3,0.0,0.0,0.0,0.0,0.1
311,Doug Christie,SAC,80,33.9,0.3,0.1,0.2,0.479,0.0,0.1,0.395,0.1,0.1,0.81,0.0,0.1,0.1,0.1,0.1,0.0,0.1,0.1
312,Andrew DeClercq,ORL,77,17.2,0.3,0.1,0.2,0.534,0.0,0.0,0.0,0.1,0.1,0.644,0.1,0.1,0.3,0.0,0.0,0.0,0.1,0.2
313,Jamison Brewer,IND,10,8.0,0.3,0.1,0.2,0.529,0.0,0.0,0.0,0.1,0.1,0.444,0.1,0.1,0.1,0.2,0.0,0.0,0.1,0.1
314,Jared Jeffries,WAS,20,14.6,0.3,0.1,0.2,0.476,0.0,0.0,0.5,0.1,0.1,0.552,0.1,0.1,0.2,0.1,0.0,0.0,0.1,0.1
315,Adam Harrington,DEN,19,5.8,0.3,0.1,0.3,0.297,0.0,0.1,0.357,0.0,0.0,0.75,0.0,0.1,0.1,0.1,0.0,0.0,0.0,0.1
316,Eddie Robinson,CHI,64,21.2,0.3,0.1,0.2,0.492,0.0,0.0,0.214,0.0,0.0,0.81,0.1,0.1,0.1,0.0,0.0,0.0,0.0,0.1
317,Dikembe Mutombo,NJN,24,21.4,0.3,0.1,0.3,0.374,0.0,0.0,0.0,0.1,0.1,0.727,0.1,0.2,0.3,0.0,0.0,0.1,0.1,0.1
318,Brian Cardinal,WAS,5,3.0,0.3,0.1,0.3,0.25,0.0,0.1,0.0,0.1,0.1,1.0,0.2,0.1,0.3,0.1,0.0,0.0,0.1,0.0
319,Roger Mason,CHI,17,6.6,0.3,0.1,0.3,0.355,0.1,0.2,0.333,0.0,0.0,1.0,0.0,0.1,0.1,0.1,0.0,0.0,0.0,0.2
320,Kelvin Cato,HOU,73,17.2,0.3,0.1,0.2,0.52,0.0,0.0,0.0,0.1,0.1,0.532,0.1,0.2,0.3,0.0,0.0,0.1,0.0,0.1
321,Danny Fortson,GSW,17,13.1,0.3,0.1,0.2,0.37,0.0,0.0,0.0,0.1,0.1,0.655,0.1,0.2,0.3,0.1,0.0,0.0,0.1,0.2
322,Robert Archibald,MEM,12,6.0,0.3,0.1,0.3,0.3,0.0,0.0,0.0,0.1,0.3,0.389,0.1,0.2,0.2,0.0,0.0,0.0,0.1,0.1
323,Alan Henderson,ATL,82,18.2,0.3,0.1,0.2,0.468,0.0,0.0,0.0,0.1,0.1,0.638,0.1,0.2,0.3,0.0,0.0,0.0,0.0,0.1
324,Corey Benjamin,ATL,9,16.9,0.3,0.1,0.3,0.302,0.0,0.1,0.154,0.1,0.1,0.75,0.1,0.1,0.2,0.1,0.0,0.0,0.0,0.1
325,John Salmons,PHI,64,7.8,0.3,0.1,0.2,0.414,0.0,0.1,0.323,0.1,0.1,0.743,0.0,0.1,0.1,0.1,0.0,0.0,0.1,0.1
326,Kenny Satterfield,PHI,39,12.9,0.3,0.1,0.4,0.301,0.0,0.1,0.179,0.0,0.0,0.68,0.0,0.1,0.1,0.1,0.0,0.0,0.1,0.1
327,Jake Voskuhl,PHX,65,14.6,0.3,0.1,0.2,0.564,0.0,0.0,0.0,0.1,0.1,0.667,0.1,0.1,0.2,0.0,0.0,0.0,0.1,0.2
328,Jiri Welsch,GSW,37,6.3,0.3,0.1,0.3,0.253,0.0,0.0,0.25,0.1,0.1,0.759,0.1,0.1,0.1,0.1,0.0,0.0,0.1,0.1
329,Mark Jackson,UTA,82,17.9,0.3,0.1,0.3,0.398,0.0,0.1,0.284,0.0,0.1,0.763,0.0,0.1,0.1,0.3,0.0,0.0,0.1,0.1
330,Kareem Rush,LAL,76,11.5,0.3,0.1,0.3,0.393,0.0,0.1,0.279,0.0,0.0,0.696,0.0,0.1,0.1,0.1,0.0,0.0,0.1,0.1
331,Brendan Haywood,WAS,81,23.8,0.3,0.1,0.2,0.51,0.0,0.0,0.0,0.1,0.1,0.633,0.1,0.1,0.2,0.0,0.0,0.1,0.0,0.1
332,Moochie Norris,HOU,82,16.8,0.3,0.1,0.2,0.406,0.0,0.0,0.244,0.1,0.1,0.684,0.0,0.1,0.1,0.1,0.0,0.0,0.1,0.1
333,Emanual Davis,ATL,24,14.2,0.3,0.1,0.3,0.364,0.0,0.1,0.241,0.1,0.1,0.773,0.0,0.1,0.1,0.1,0.0,0.0,0.1,0.1
334,Vitaly Potapenko,SEA,26,15.5,0.3,0.1,0.2,0.441,0.0,0.0,0.0,0.1,0.1,0.759,0.1,0.2,0.2,0.0,0.0,0.0,0.1,0.1
335,Michael Bradley,TOR,67,19.6,0.3,0.1,0.2,0.481,0.0,0.0,0.167,0.0,0.1,0.522,0.1,0.2,0.3,0.1,0.0,0.0,0.1,0.1
336,Clarence Weatherspoon,NYK,79,25.6,0.3,0.1,0.2,0.449,0.0,0.0,0.0,0.1,0.1,0.768,0.1,0.2,0.3,0.0,0.0,0.0,0.0,0.1
337,Walter McCarty,BOS,82,23.8,0.3,0.1,0.2,0.414,0.0,0.1,0.367,0.0,0.1,0.622,0.0,0.1,0.1,0.1,0.0,0.0,0.0,0.1
338,Dale Davis,POR,78,29.3,0.3,0.1,0.2,0.541,0.0,0.0,0.0,0.0,0.1,0.633,0.1,0.1,0.2,0.0,0.0,0.0,0.0,0.1
339,Jamaal Tinsley,IND,73,30.6,0.3,0.1,0.2,0.396,0.0,0.1,0.277,0.0,0.1,0.714,0.0,0.1,0.1,0.2,0.1,0.0,0.1,0.1
340,Dalibor Bagaric,CHI,10,7.6,0.3,0.1,0.3,0.308,0.0,0.0,0.0,0.0,0.1,0.75,0.1,0.2,0.3,0.1,0.0,0.0,0.1,0.1
341,Jannero Pargo,LAL,33,10.3,0.2,0.1,0.3,0.398,0.0,0.1,0.292,0.0,0.0,1.0,0.0,0.1,0.1,0.1,0.0,0.0,0.1,0.1
342,Brian Scalabrine,NJN,59,12.3,0.2,0.1,0.2,0.402,0.0,0.1,0.359,0.0,0.0,0.833,0.1,0.1,0.2,0.1,0.0,0.0,0.1,0.1
343,Adonal Foyle,GSW,82,21.8,0.2,0.1,0.2,0.536,0.0,0.0,0.0,0.0,0.1,0.673,0.1,0.2,0.3,0.0,0.0,0.1,0.0,0.1
344,Stacey Augmon,NOP,70,12.3,0.2,0.1,0.2,0.411,0.0,0.0,0.0,0.1,0.1,0.75,0.0,0.1,0.1,0.1,0.0,0.0,0.0,0.1
345,Damone Brown,TOR,5,23.0,0.2,0.1,0.3,0.314,0.0,0.0,0.0,0.1,0.1,0.75,0.0,0.1,0.1,0.0,0.0,0.0,0.1,0.1
346,George Lynch,NOP,81,18.5,0.2,0.1,0.2,0.409,0.0,0.1,0.354,0.0,0.0,0.554,0.1,0.1,0.2,0.1,0.0,0.0,0.0,0.1
347,Sean Marks,MIA,23,9.7,0.2,0.1,0.3,0.373,0.0,0.0,0.0,0.0,0.1,0.667,0.0,0.1,0.2,0.0,0.0,0.0,0.1,0.2
348,Jason Collins,NJN,81,23.5,0.2,0.1,0.2,0.414,0.0,0.0,0.0,0.1,0.1,0.763,0.1,0.1,0.2,0.0,0.0,0.0,0.0,0.1
349,Hubert Davis,DET,43,7.6,0.2,0.1,0.2,0.392,0.0,0.1,0.333,0.0,0.0,0.833,0.0,0.1,0.1,0.1,0.0,0.0,0.0,0.1
350,Calvin Booth,SEA,47,12.2,0.2,0.1,0.2,0.437,0.0,0.0,0.0,0.1,0.1,0.723,0.1,0.1,0.2,0.0,0.0,0.1,0.0,0.1
351,Bryce Drew,NOP,13,6.1,0.2,0.1,0.3,0.296,0.0,0.1,0.429,0.0,0.0,0.0,0.1,0.1,0.2,0.1,0.0,0.0,0.0,0.0
352,Popeye Jones,DAL,26,8.5,0.2,0.1,0.3,0.387,0.0,0.0,0.0,0.0,0.0,0.455,0.1,0.1,0.3,0.0,0.0,0.0,0.1,0.1
353,Samaki Walker,LAL,67,18.6,0.2,0.1,0.2,0.42,0.0,0.0,0.0,0.1,0.1,0.653,0.1,0.2,0.3,0.1,0.0,0.0,0.0,0.1
354,Nikoloz Tskitishvili,DEN,81,16.4,0.2,0.1,0.3,0.293,0.0,0.1,0.243,0.0,0.0,0.738,0.0,0.1,0.1,0.1,0.0,0.0,0.1,0.1
355,Adrian Griffin,DAL,74,18.6,0.2,0.1,0.2,0.433,0.0,0.0,0.25,0.0,0.0,0.844,0.1,0.1,0.2,0.1,0.1,0.0,0.0,0.1
356,Dean Oliver,GSW,15,6.2,0.2,0.1,0.3,0.241,0.0,0.1,0.167,0.1,0.1,0.875,0.1,0.1,0.2,0.2,0.1,0.0,0.1,0.1
357,Matt Maloney,ATL,14,7.4,0.2,0.1,0.2,0.32,0.0,0.1,0.333,0.0,0.0,0.6,0.0,0.1,0.1,0.2,0.0,0.0,0.0,0.1
358,Brevin Knight,MEM,55,16.9,0.2,0.1,0.2,0.425,0.0,0.0,0.25,0.0,0.0,0.541,0.0,0.1,0.1,0.3,0.1,0.0,0.1,0.1
359,Bruno Sundov,BOS,26,5.3,0.2,0.1,0.4,0.25,0.0,0.1,0.25,0.0,0.0,0.0,0.1,0.1,0.2,0.1,0.0,0.0,0.1,0.2
360,Tyrone Hill,PHI,56,24.1,0.2,0.1,0.2,0.422,0.0,0.0,0.0,0.0,0.1,0.675,0.1,0.2,0.3,0.0,0.0,0.0,0.1,0.1
361,John Crotty,DEN,12,15.0,0.2,0.1,0.2,0.341,0.0,0.1,0.308,0.1,0.1,0.6,0.0,0.1,0.1,0.2,0.0,0.0,0.1,0.1
362,Greg Ostertag,UTA,81,23.8,0.2,0.1,0.2,0.518,0.0,0.0,0.0,0.1,0.1,0.51,0.1,0.2,0.3,0.0,0.0,0.1,0.1,0.1
363,Bruce Bowen,SAS,82,31.3,0.2,0.1,0.2,0.466,0.0,0.1,0.441,0.0,0.0,0.404,0.0,0.1,0.1,0.0,0.0,0.0,0.0,0.1
364,Bryon Russell,WAS,70,19.8,0.2,0.1,0.2,0.353,0.0,0.1,0.329,0.0,0.0,0.768,0.0,0.1,0.1,0.1,0.1,0.0,0.0,0.1
365,Loren Woods,MIN,38,9.3,0.2,0.1,0.2,0.382,0.0,0.0,0.333,0.1,0.1,0.778,0.1,0.2,0.3,0.1,0.0,0.0,0.1,0.1
366,Alton Ford,PHX,11,2.8,0.2,0.1,0.3,0.333,0.0,0.0,0.0,0.0,0.1,0.333,0.0,0.2,0.2,0.0,0.0,0.0,0.1,0.2
367,Greg Foster,TOR,29,18.6,0.2,0.1,0.2,0.385,0.0,0.0,0.25,0.0,0.1,0.813,0.1,0.1,0.2,0.0,0.0,0.0,0.1,0.2
368,Ryan Bowen,DEN,62,16.1,0.2,0.1,0.2,0.492,0.0,0.0,0.286,0.0,0.0,0.659,0.1,0.1,0.2,0.1,0.1,0.0,0.0,0.1
369,Bimbo Coles,BOS,35,19.7,0.2,0.1,0.2,0.333,0.0,0.0,0.219,0.1,0.1,0.833,0.0,0.1,0.1,0.1,0.0,0.0,0.0,0.1
370,Robert Horry,LAL,80,29.3,0.2,0.1,0.2,0.387,0.0,0.1,0.288,0.0,0.1,0.769,0.1,0.1,0.2,0.1,0.0,0.0,0.0,0.1
371,Mark Madsen,LAL,54,14.5,0.2,0.1,0.2,0.423,0.0,0.0,0.0,0.0,0.1,0.59,0.1,0.1,0.2,0.0,0.0,0.0,0.0,0.1
372,Dan Gadzuric,MIL,49,15.5,0.2,0.1,0.2,0.483,0.0,0.0,0.0,0.0,0.1,0.518,0.1,0.2,0.3,0.0,0.0,0.1,0.0,0.2
373,Sean Rooks,LAC,70,19.2,0.2,0.1,0.2,0.421,0.0,0.0,0.0,0.0,0.0,0.81,0.0,0.1,0.2,0.1,0.0,0.0,0.0,0.1
374,Anthony Mason,MIL,65,32.6,0.2,0.1,0.2,0.486,0.0,0.0,0.0,0.0,0.1,0.718,0.0,0.2,0.2,0.1,0.0,0.0,0.0,0.1
375,Anthony Carter,MIA,49,18.6,0.2,0.1,0.3,0.356,0.0,0.0,0.0,0.0,0.1,0.66,0.0,0.1,0.1,0.2,0.0,0.0,0.1,0.1
376,Kedrick Brown,BOS,51,13.1,0.2,0.1,0.3,0.357,0.0,0.1,0.077,0.0,0.0,0.625,0.1,0.1,0.2,0.0,0.1,0.0,0.0,0.1
377,Jermaine Jackson,ATL,53,10.5,0.2,0.1,0.2,0.364,0.0,0.0,0.1,0.1,0.1,0.727,0.0,0.1,0.1,0.1,0.0,0.0,0.1,0.1
378,Mike Wilks,MIN,46,15.0,0.2,0.1,0.2,0.338,0.0,0.1,0.286,0.1,0.1,0.787,0.0,0.1,0.1,0.1,0.0,0.0,0.0,0.1
379,Bo Outlaw,PHX,80,22.5,0.2,0.1,0.2,0.55,0.0,0.0,0.0,0.0,0.1,0.621,0.1,0.1,0.2,0.1,0.0,0.0,0.0,0.1
380,Ansu Sesay,SEA,45,10.0,0.2,0.1,0.2,0.383,0.0,0.0,0.0,0.0,0.0,0.571,0.1,0.1,0.2,0.1,0.0,0.0,0.1,0.1
381,Travis Knight,NYK,32,9.0,0.2,0.1,0.2,0.385,0.0,0.0,0.0,0.0,0.0,0.769,0.1,0.2,0.2,0.0,0.0,0.0,0.0,0.2
382,Ryan Humphrey,MEM,48,9.3,0.2,0.1,0.3,0.292,0.0,0.0,0.0,0.1,0.1,0.59,0.1,0.1,0.2,0.0,0.0,0.0,0.1,0.2
383,John Amaechi,UTA,50,9.5,0.2,0.1,0.2,0.314,0.0,0.0,0.0,0.1,0.1,0.481,0.1,0.1,0.2,0.0,0.0,0.0,0.1,0.1
384,Junior Harrington,DEN,82,24.4,0.2,0.1,0.2,0.362,0.0,0.0,0.25,0.0,0.1,0.652,0.0,0.1,0.1,0.1,0.0,0.0,0.1,0.1
385,Ruben Wolkowyski,BOS,7,3.4,0.2,0.1,0.2,0.5,0.0,0.0,0.0,0.0,0.2,0.25,0.0,0.0,0.0,0.0,0.0,0.0,0.0,0.1
386,Ken Johnson,MIA,16,9.8,0.2,0.1,0.2,0.405,0.0,0.0,0.0,0.0,0.0,0.333,0.0,0.2,0.2,0.0,0.0,0.1,0.0,0.1
387,Bateer Mengke,SAS,11,4.0,0.2,0.1,0.4,0.235,0.0,0.1,0.333,0.0,0.0,0.0,0.0,0.2,0.2,0.1,0.0,0.0,0.1,0.3
388,Milt Palacio,CLE,80,24.7,0.2,0.1,0.2,0.418,0.0,0.0,0.216,0.0,0.0,0.747,0.0,0.1,0.1,0.1,0.0,0.0,0.1,0.1
389,Fred Jones,IND,19,6.1,0.2,0.1,0.2,0.375,0.0,0.1,0.286,0.0,0.0,0.75,0.0,0.0,0.1,0.0,0.1,0.0,0.1,0.1
390,Jeff Foster,IND,77,10.6,0.2,0.1,0.2,0.36,0.0,0.0,0.0,0.0,0.1,0.54,0.1,0.2,0.3,0.1,0.0,0.0,0.0,0.1
391,Danny Ferry,SAS,65,9.2,0.2,0.1,0.2,0.355,0.0,0.1,0.35,0.0,0.0,0.769,0.0,0.1,0.1,0.0,0.0,0.0,0.0,0.1
392,Juaquin Hawkins,HOU,57,12.0,0.2,0.1,0.2,0.385,0.0,0.0,0.417,0.0,0.0,0.5,0.0,0.1,0.1,0.1,0.0,0.0,0.0,0.1
393,Raja Bell,DAL,75,15.6,0.2,0.1,0.2,0.441,0.0,0.0,0.412,0.0,0.0,0.676,0.0,0.1,0.1,0.0,0.0,0.0,0.0,0.1
394,Darvin Ham,ATL,75,12.3,0.2,0.1,0.2,0.447,0.0,0.0,0.0,0.0,0.1,0.481,0.1,0.1,0.2,0.0,0.0,0.0,0.1,0.1
395,Jeryl Sasser,ORL,75,13.6,0.2,0.1,0.2,0.309,0.0,0.0,0.295,0.1,0.1,0.679,0.1,0.1,0.2,0.1,0.0,0.0,0.0,0.1
396,Olumide Oyedeji,ORL,26,5.5,0.2,0.1,0.2,0.435,0.0,0.0,0.0,0.0,0.1,0.636,0.1,0.3,0.3,0.0,0.0,0.0,0.0,0.2
397,Antoine Rigaudeau,DAL,11,8.3,0.2,0.1,0.4,0.229,0.0,0.1,0.2,0.0,0.0,0.0,0.0,0.0,0.1,0.1,0.0,0.0,0.1,0.1
398,Fred Hoiberg,CHI,63,12.4,0.2,0.1,0.2,0.389,0.0,0.0,0.238,0.1,0.1,0.82,0.0,0.2,0.2,0.1,0.1,0.0,0.0,0.1
399,Corie Blount,CHI,50,16.7,0.2,0.1,0.2,0.485,0.0,0.0,0.0,0.0,0.0,0.571,0.1,0.2,0.2,0.1,0.0,0.0,0.1,0.1
400,Ben Wallace,DET,73,39.3,0.2,0.1,0.2,0.481,0.0,0.0,0.167,0.0,0.1,0.45,0.1,0.3,0.4,0.0,0.0,0.1,0.0,0.1
401,Trenton Hassell,CHI,82,24.4,0.2,0.1,0.2,0.367,0.0,0.0,0.325,0.0,0.0,0.745,0.0,0.1,0.1,0.1,0.0,0.0,0.0,0.1
402,Frankie Williams,NYK,21,8.0,0.2,0.1,0.2,0.273,0.0,0.1,0.375,0.0,0.0,0.667,0.0,0.1,0.1,0.2,0.0,0.0,0.1,0.1
403,Cezary Trybanski,MEM,15,5.7,0.2,0.1,0.2,0.25,0.0,0.0,0.0,0.0,0.1,0.4,0.1,0.1,0.2,0.0,0.0,0.1,0.1,0.2
404,Amal McCaskill,ATL,11,6.4,0.2,0.1,0.2,0.235,0.0,0.0,0.0,0.0,0.1,0.75,0.1,0.2,0.3,0.1,0.0,0.0,0.0,0.2
405,Randy Brown,PHX,32,8.2,0.2,0.1,0.2,0.372,0.0,0.0,0.0,0.0,0.0,0.75,0.0,0.1,0.1,0.1,0.1,0.0,0.1,0.1
406,Reggie Evans,SEA,67,20.4,0.2,0.0,0.1,0.471,0.0,0.0,0.0,0.1,0.1,0.519,0.1,0.2,0.3,0.0,0.0,0.0,0.0,0.1
407,Michael Curry,DET,78,19.9,0.2,0.1,0.1,0.402,0.0,0.0,0.296,0.0,0.0,0.8,0.0,0.1,0.1,0.1,0.0,0.0,0.0,0.1
408,Grant Long,BOS,41,11.9,0.1,0.1,0.1,0.386,0.0,0.0,0.0,0.0,0.0,0.783,0.0,0.1,0.2,0.1,0.0,0.0,0.0,0.1
409,Charles Oakley,WAS,42,12.2,0.1,0.0,0.1,0.418,0.0,0.0,0.0,0.1,0.1,0.824,0.1,0.1,0.2,0.1,0.0,0.0,0.0,0.2
410,Michael Stewart,CLE,47,5.3,0.1,0.1,0.1,0.378,0.0,0.0,0.0,0.0,0.0,0.667,0.1,0.1,0.2,0.0,0.0,0.1,0.0,0.2
411,Chris Childs,NJN,12,8.8,0.1,0.1,0.2,0.3,0.0,0.1,0.167,0.0,0.0,0.667,0.0,0.0,0.0,0.2,0.1,0.0,0.1,0.2
412,Mark Bryant,BOS,16,6.3,0.1,0.1,0.2,0.263,0.0,0.0,0.0,0.0,0.0,0.75,0.1,0.1,0.2,0.0,0.0,0.0,0.1,0.2
413,Ervin Johnson,MIL,69,17.0,0.1,0.1,0.1,0.452,0.0,0.0,0.0,0.0,0.0,0.682,0.1,0.2,0.3,0.0,0.0,0.1,0.0,0.2
414,DeSagana Diop,CLE,80,11.8,0.1,0.1,0.2,0.351,0.0,0.0,0.0,0.0,0.0,0.367,0.1,0.2,0.2,0.0,0.0,0.1,0.1,0.2
415,Evan Eschmeyer,DAL,17,7.9,0.1,0.1,0.1,0.368,0.0,0.0,0.0,0.0,0.0,0.75,0.1,0.1,0.2,0.0,0.1,0.1,0.0,0.3
416,Antonio Harvey,ATL,4,8.0,0.1,0.1,0.2,0.4,0.0,0.0,0.0,0.0,0.0,0.0,0.0,0.2,0.2,0.0,0.0,0.1,0.1,0.2
417,Brandon Williams,ATL,6,3.2,0.1,0.1,0.4,0.143,0.0,0.1,0.0,0.0,0.0,0.0,0.1,0.0,0.1,0.0,0.1,0.0,0.2,0.2
418,Kirk Haston,NOP,12,4.8,0.1,0.0,0.3,0.118,0.0,0.1,0.0,0.0,0.1,0.5,0.0,0.1,0.1,0.1,0.0,0.1,0.1,0.2
419,Don Reid,DET,1,10.0,0.1,0.0,0.3,0.0,0.0,0.0,0.0,0.1,0.2,0.5,0.0,0.0,0.0,0.0,0.0,0.0,0.0,0.4
420,Joel Przybilla,MIL,32,17.0,0.1,0.0,0.1,0.391,0.0,0.0,0.0,0.0,0.0,0.5,0.1,0.2,0.3,0.0,0.0,0.1,0.0,0.2
421,Pepe Sanchez,DET,9,4.1,0.0,0.0,0.1,0.0,0.0,0.0,0.0,0.0,0.0,0.0,0.1,0.1,0.2,0.2,0.1,0.0,0.1,0.1
422,Jamal Sampson,MIL,5,1.6,0.0,0.0,0.3,0.0,0.0,0.0,0.0,0.0,0.0,0.0,0.1,0.1,0.3,0.1,0.1,0.0,0.0,0.0
423,Ruben Boumtje-Boumtje,POR,2,2.5,0.0,0.0,0.2,0.0,0.0,0.0,0.0,0.0,0.0,0.0,0.2,0.0,0.2,0.2,0.2,0.0,0.0,0.0
424,Guy Rucker,GSW,3,1.3,0.0,0.0,0.0,0.0,0.0,0.0,0.0,0.0,0.0,0.0,0.0,0.3,0.3,0.3,0.0,0.0,0.0,0.3
425,Chris Dudley,POR,3,3.7,0.0,0.0,0.1,0.0,0.0,0.0,0.0,0.0,0.0,0.0,0.2,0.0,0.2,0.0,0.0,0.0,0.0,0.3
426,Donny Marshall,NJN,3,2.0,0.0,0.0,0.5,0.0,0.0,0.2,0.0,0.0,0.0,0.0,0.0,0.5,0.5,0.0,0.0,0.0,0.2,0.0
427,A.J. Guyton,GSW,2,4.5,0.0,0.0,0.4,0.0,0.0,0.1,0.0,0.0,0.0,0.0,0.0,0.0,0.0,0.2,0.1,0.0,0.1,0.0
428,Paul Shirley,ATL,2,2.5,0.0,0.0,0.8,0.0,0.0,0.0,0.0,0.0,0.0,0.0,0.0,0.2,0.2,0.0,0.0,0.0,0.0,0.0
